frame,t,wx,wy,ww,wh,anim,dir,moving,falling,gfall,sleeping,swalk,spd,tx,ty,spdx,spdy
0,2.629,2391,1381,138,94,idle,down,False,False,False,False,False,5.0,100,100,0.000000,0.000000
1,3.202,2391,1381,138,94,idle,down,False,False,False,False,False,5.0,100,100,0.000000,0.000000
2,3.521,2391,1381,138,94,idle,down,False,False,False,False,False,5.0,100,100,0.000000,0.000000
3,4.023,2391,1381,138,94,idle,down,False,False,False,False,False,5.0,100,100,0.000000,0.000000
4,4.522,2391,1381,138,94,idle,down,False,False,False,False,False,5.0,100,100,0.000000,0.000000
5,5.023,2391,1381,138,94,idle,down,False,False,False,False,False,5.0,100,100,0.000000,0.000000
6,5.522,2381,1377,138,94,walk_left,left,True,False,False,False,False,5.0,635,593,-3.112867,-1.037622
7,6.185,2393,1367,38,80,walk_left,left,True,False,False,False,False,5.0,635,593,-3.320341,-1.106780
8,6.521,2371,1357,38,80,walk_left,left,True,False,False,False,False,5.0,635,593,-3.320391,-1.106797
9,7.022,2329,1339,38,80,walk_left,left,True,False,False,False,False,5.0,635,593,-3.320392,-1.106797
10,7.522,2287,1320,38,80,walk_left,left,True,False,False,False,False,5.0,635,593,-2.912176,-1.941451
11,8.021,2246,1302,38,80,walk_left,left,True,False,False,False,False,5.0,635,593,-3.320392,-1.106797
12,8.522,2201,1282,38,80,walk_left,left,True,False,False,False,False,5.0,635,593,-2.912176,-1.941451
13,9.120,2162,1265,38,80,walk_left,left,True,False,False,False,False,5.0,635,593,-3.130495,-1.565248
14,9.522,2130,1251,38,80,walk_left,left,True,False,False,False,False,5.0,635,593,-3.130495,-1.565248
15,10.023,440,40,38,80,fall,left,True,False,True,False,False,5.0,635,593,-3.130495,-1.565248
16,10.521,427,95,38,80,fall,left,True,False,True,False,False,5.0,635,593,-3.130495,-1.565248
17,11.021,417,248,38,80,fall,left,True,False,True,False,False,5.0,635,593,-3.130495,-1.565248
18,11.522,404,524,38,80,fall,left,True,False,True,False,False,5.0,635,593,-3.130495,-1.565248
19,12.112,392,954,38,80,fall,left,True,False,True,False,False,5.0,635,593,-3.130495,-1.565248
20,12.522,382,1341,38,80,fall,left,True,False,True,False,False,5.0,635,593,-3.130495,-1.565248
21,13.022,388,1482,42,82,walk_up,up,True,False,False,False,False,5.0,635,593,0.848875,-3.395499
22,13.522,400,1438,42,82,walk_up,up,True,False,False,False,False,5.0,635,593,0.848875,-3.395499
23,14.022,412,1395,42,82,walk_up,up,True,False,False,False,False,5.0,635,593,1.106797,-3.320392
24,14.522,424,1351,42,82,walk_up,up,True,False,False,False,False,5.0,635,593,1.106797,-3.320392
25,15.111,436,1310,42,82,walk_up,up,True,False,False,False,False,5.0,635,593,0.848875,-3.395499
26,15.523,445,1277,42,82,walk_up,up,True,False,False,False,False,5.0,635,593,1.106797,-3.320392
27,16.026,456,1236,42,82,walk_up,up,True,False,False,False,False,5.0,635,593,0.848875,-3.395499
28,16.521,469,1189,42,82,walk_up,up,True,False,False,False,False,5.0,635,593,1.106797,-3.320392
29,17.022,481,1145,42,82,walk_up,up,True,False,False,False,False,5.0,635,593,0.000000,-3.500000
30,17.521,494,1101,42,82,walk_up,up,True,False,False,False,False,5.0,635,593,0.848875,-3.395499
31,18.135,505,1061,42,82,walk_up,up,True,False,False,False,False,5.0,635,593,1.106797,-3.320392
32,18.524,512,1034,42,82,walk_up,up,True,False,False,False,False,5.0,635,593,1.106797,-3.320392
33,19.022,523,997,42,82,walk_up,up,True,False,False,False,False,5.0,635,593,1.106797,-3.320392
34,19.534,534,956,42,82,walk_up,up,True,False,False,False,False,5.0,635,593,0.848875,-3.395499
35,20.024,760,40,42,82,fall,up,True,False,True,False,False,5.0,635,593,1.106797,-3.320392
36,20.528,762,93,38,80,fall,up,True,False,True,False,False,5.0,635,593,1.106797,-3.320392
37,21.141,762,176,38,80,fall,up,True,False,True,False,False,5.0,635,593,1.106797,-3.320392
38,21.525,762,306,38,80,fall,up,True,False,True,False,False,5.0,635,593,1.106797,-3.320392
39,22.029,762,560,38,80,fall,up,True,False,True,False,False,5.0,635,593,1.106797,-3.320392
40,22.528,762,931,38,80,fall,up,True,False,True,False,False,5.0,635,593,1.106797,-3.320392
41,23.023,762,1360,38,80,fall,up,True,False,True,False,False,5.0,635,593,1.106797,-3.320392
42,23.522,756,1484,42,82,walk_up,up,True,False,False,False,False,5.0,635,593,0.000000,-3.500000
43,24.121,750,1442,42,82,walk_up,up,True,False,False,False,False,5.0,635,593,0.000000,-3.500000
44,24.522,746,1411,42,82,walk_up,up,True,False,False,False,False,5.0,635,593,0.000000,-3.500000
45,25.023,740,1366,42,82,walk_up,up,True,False,False,False,False,5.0,635,593,0.000000,-3.500000
46,25.522,734,1325,42,82,walk_up,up,True,False,False,False,False,5.0,635,593,0.000000,-3.500000
47,26.022,728,1283,42,82,walk_up,up,True,False,False,False,False,5.0,635,593,-1.106797,-3.320392
48,26.522,722,1238,42,82,walk_up,up,True,False,False,False,False,5.0,635,593,-1.106797,-3.320392
49,27.121,715,1201,42,82,walk_left,left,True,False,False,False,False,3.4663502087315057,123,576,-2.465550,-1.643700
50,27.529,700,1185,42,82,walk_up,up,True,False,False,False,False,3.4663502087315057,123,576,-1.716497,-1.716497
51,28.028,680,1164,42,82,walk_left,left,True,False,False,False,False,3.4663502087315057,123,576,-2.170279,-1.085139
52,28.521,658,1141,42,82,walk_up,up,True,False,False,False,False,3.4663502087315057,123,576,-1.715756,-1.715756
53,29.029,639,1119,38,80,walk_up,up,True,False,False,False,False,3.4663502087315057,123,576,-1.085139,-2.170279
54,29.522,619,1098,38,80,walk_up,up,True,False,False,False,False,3.4663502087315057,123,576,-1.085139,-2.170279
55,30.128,597,1076,42,82,walk_up,up,True,False,False,False,False,3.4663502087315057,123,576,-1.715756,-1.715756
56,30.521,584,1061,38,80,walk_up,up,True,False,False,False,False,3.4663502087315057,123,576,-1.085139,-2.170279
57,31.024,562,1039,42,82,walk_up,up,True,False,False,False,False,3.4663502087315057,123,576,-1.715756,-1.715756
58,31.523,541,1018,42,82,walk_left,left,True,False,False,False,False,3.4663502087315057,123,576,-2.170279,-1.085139
59,32.026,530,1005,42,82,walk_up,up,True,False,False,False,False,3.4663502087315057,123,576,-1.085139,-2.170279
60,32.523,510,984,42,82,walk_up,up,True,False,False,False,False,3.4663502087315057,123,576,-1.085139,-2.170279
61,33.122,493,966,42,82,walk_up,up,True,False,False,False,False,3.4663502087315057,123,576,-1.715756,-1.715756
62,33.521,478,951,42,82,walk_left,left,True,False,False,False,False,3.4663502087315057,123,576,-2.170279,-1.085139
63,34.021,456,928,42,82,walk_left,left,True,False,False,False,False,3.4663502087315057,123,576,-2.170279,-1.085139
64,34.521,435,904,38,80,walk_up,up,True,False,False,False,False,3.4663502087315057,123,576,-1.715756,-1.715756
65,35.031,410,878,42,82,walk_up,up,True,False,False,False,False,3.4663502087315057,123,576,-1.085139,-2.170279
66,35.526,390,857,42,82,walk_up,up,True,False,False,False,False,3.4663502087315057,123,576,-1.085139,-2.170279
67,36.139,369,836,42,82,walk_up,up,True,False,False,False,False,3.4663502087315057,123,576,-1.715756,-1.715756
68,36.522,356,822,42,82,walk_up,up,True,False,False,False,False,3.4663502087315057,123,576,-1.715756,-1.715756
69,37.030,336,801,42,82,walk_up,up,True,False,False,False,False,3.4663502087315057,123,576,-1.715756,-1.715756
70,37.522,316,780,42,82,walk_up,up,True,False,False,False,False,3.4663502087315057,123,576,-1.715756,-1.715756
71,38.027,296,759,42,82,walk_left,left,True,False,False,False,False,3.4663502087315057,123,576,-2.170279,-1.085139
72,38.528,276,738,42,82,walk_left,left,True,False,False,False,False,3.4663502087315057,123,576,-2.170279,-1.085139
73,39.119,259,720,42,82,walk_up,up,True,False,False,False,False,3.4663502087315057,123,576,-1.715756,-1.715756
74,39.523,244,704,42,82,walk_up,up,True,False,False,False,False,3.4663502087315057,123,576,-1.715756,-1.715756
75,40.027,120,40,42,82,fall,up,True,False,True,False,False,3.4663502087315057,123,576,-1.085139,-2.170279
76,40.528,110,86,38,80,fall,up,True,False,True,False,False,3.4663502087315057,123,576,-1.085139,-2.170279
77,41.024,97,246,38,80,fall,up,True,False,True,False,False,3.4663502087315057,123,576,-1.085139,-2.170279
78,41.531,85,494,38,80,fall,up,True,False,True,False,False,3.4663502087315057,123,576,-1.085139,-2.170279
79,42.132,74,878,38,80,fall,up,True,False,True,False,False,3.4663502087315057,123,576,-1.085139,-2.170279
80,42.522,65,1226,38,80,fall,up,True,False,True,False,False,3.4663502087315057,123,576,-1.085139,-2.170279
81,43.115,63,1459,38,80,fall,up,True,False,True,False,False,3.4663502087315057,123,576,-1.085139,-2.170279
82,43.523,61,1500,42,82,walk_up,up,True,False,False,False,False,3.4663502087315057,123,576,0.000000,-2.426445
83,44.028,63,1471,42,82,walk_up,up,True,False,False,False,False,3.4663502087315057,123,576,0.000000,-2.426445
84,44.523,65,1442,42,82,walk_up,up,True,False,False,False,False,3.4663502087315057,123,576,0.000000,-2.426445
85,45.136,67,1413,42,82,walk_up,up,True,False,False,False,False,3.4663502087315057,123,576,0.000000,-2.426445
86,45.523,68,1391,42,82,walk_up,up,True,False,False,False,False,3.4663502087315057,123,576,0.000000,-2.426445
87,46.023,70,1362,42,82,walk_up,up,True,False,False,False,False,3.4663502087315057,123,576,0.000000,-2.426445
88,46.524,72,1330,42,82,walk_up,up,True,False,False,False,False,3.4663502087315057,123,576,0.000000,-2.426445
89,47.030,74,1304,42,82,walk_up,up,True,False,False,False,False,3.4663502087315057,123,576,0.000000,-2.426445
90,47.560,76,1280,42,82,walk_up,up,True,False,False,False,False,3.4663502087315057,117,143,0.000000,-2.426445
91,48.208,76,1265,42,82,walk_right,right,True,False,False,False,False,3.4663502087315057,117,143,0.000000,-2.426445
92,48.525,77,1255,42,82,walk_up,up,True,False,False,False,False,3.4663502087315057,117,143,0.767309,-2.301928
93,49.025,77,1229,42,82,walk_up,up,True,False,False,False,False,3.4663502087315057,117,143,0.000000,-2.426445
94,49.524,79,1200,42,82,walk_up,up,True,False,False,False,False,3.4663502087315057,117,143,1.202346,-3.607039
95,50.021,80,1158,42,82,walk_up,up,True,False,False,False,False,3.4663502087315057,117,143,0.000000,-3.812983
96,50.530,82,1117,42,82,walk_up,up,True,False,False,False,False,3.4663502087315057,117,143,1.205772,-3.617315
97,51.135,83,1079,42,82,walk_up,up,True,False,False,False,False,3.4663502087315057,117,143,0.000000,-3.812985
98,51.531,84,1051,42,82,walk_up,up,True,False,False,False,False,3.4663502087315057,117,143,0.000000,-3.812985
99,52.023,85,1009,42,82,walk_up,up,True,False,False,False,False,3.4663502087315057,117,143,0.000000,-3.812985
100,52.522,87,968,42,82,walk_up,up,True,False,False,False,False,3.4663502087315057,117,143,0.000000,-3.812985
101,53.023,88,950,42,82,walk_up,up,True,False,False,False,False,3.4663502087315057,117,143,0.924785,-3.699139
102,53.521,89,905,42,82,walk_up,up,True,False,False,False,False,3.4663502087315057,117,143,0.000000,-3.812985
103,54.116,91,864,42,82,walk_up,up,True,False,False,False,False,3.4663502087315057,117,143,0.000000,-3.812985
104,54.521,92,829,42,82,walk_up,up,True,False,False,False,False,3.4663502087315057,117,143,0.000000,-3.812985
105,55.022,94,781,42,82,walk_up,up,True,False,False,False,False,3.4663502087315057,117,143,0.000000,-3.812985
106,55.527,96,732,42,82,walk_up,up,True,False,False,False,False,3.4663502087315057,117,143,0.924785,-3.699139
107,56.022,97,687,42,82,walk_up,up,True,False,False,False,False,3.4663502087315057,117,143,0.000000,-3.812985
108,56.523,99,642,42,82,walk_up,up,True,False,False,False,False,3.4663502087315057,117,143,0.000000,-3.812985
109,57.111,100,604,42,82,walk_up,up,True,False,False,False,False,3.4663502087315057,117,143,0.000000,-3.812985
110,57.521,101,569,42,82,walk_up,up,True,False,False,False,False,3.4663502087315057,117,143,0.000000,-3.812985
111,58.023,103,521,42,82,walk_up,up,True,False,False,False,False,3.4663502087315057,117,143,0.000000,-3.812985
112,58.520,105,472,42,82,walk_up,up,True,False,False,False,False,3.4663502087315057,117,143,0.000000,-3.812985
113,59.022,107,424,42,82,walk_up,up,True,False,False,False,False,3.4663502087315057,117,143,0.000000,-3.812985
114,59.521,108,379,42,82,walk_up,up,True,False,False,False,False,3.4663502087315057,117,143,0.000000,-3.812985
115,60.123,440,40,42,82,fall,up,True,False,True,False,False,3.4663502087315057,117,143,0.000000,-3.812985
116,60.527,442,73,38,80,fall,up,True,False,True,False,False,3.4663502087315057,117,143,0.000000,-3.812985
117,61.024,442,196,38,80,fall,up,True,False,True,False,False,3.4663502087315057,117,143,0.000000,-3.812985
118,61.521,442,421,38,80,fall,up,True,False,True,False,False,3.4663502087315057,117,143,0.000000,-3.812985
119,62.028,442,761,38,80,fall,up,True,False,True,False,False,3.4663502087315057,117,143,0.000000,-3.812985
120,62.521,442,1154,38,80,fall,up,True,False,True,False,False,3.4663502087315057,117,143,0.000000,-3.812985
121,63.139,440,1514,38,80,idle,up,True,False,False,False,False,3.4663502087315057,117,143,-1.205772,-3.617315
122,63.521,432,1486,42,82,walk_up,up,True,False,False,False,False,3.4663502087315057,117,143,-1.205772,-3.617315
123,64.023,422,1445,42,82,walk_up,up,True,False,False,False,False,3.4663502087315057,117,143,-1.205772,-3.617315
124,64.522,413,1405,42,82,walk_up,up,True,False,False,False,False,3.4663502087315057,117,143,-1.205772,-3.617315
125,65.023,403,1364,42,82,walk_up,up,True,False,False,False,False,3.4663502087315057,117,143,-1.205772,-3.617315
126,65.521,393,1320,42,82,walk_up,up,True,False,False,False,False,3.4663502087315057,117,143,-0.924785,-3.699139
127,66.132,384,1280,42,82,walk_up,up,True,False,False,False,False,3.4663502087315057,117,143,0.000000,-3.812985
128,66.525,377,1253,42,82,walk_up,up,True,False,False,False,False,3.4663502087315057,117,143,-1.205772,-3.617315
129,67.022,368,1212,42,82,walk_up,up,True,False,False,False,False,3.4663502087315057,117,143,-0.924785,-3.699139
130,67.522,358,1168,42,82,walk_up,up,True,False,False,False,False,3.4663502087315057,117,143,0.000000,-3.812985
131,68.022,348,1128,42,82,walk_up,up,True,False,False,False,False,3.4663502087315057,117,143,-1.205772,-3.617315
132,68.522,339,1087,42,82,walk_up,up,True,False,False,False,False,3.4663502087315057,117,143,0.000000,-3.812985
133,69.140,330,1050,42,82,walk_up,up,True,False,False,False,False,3.4663502087315057,117,143,-0.924785,-3.699139
134,69.538,324,1023,42,82,walk_up,up,True,False,False,False,False,3.4663502087315057,117,143,0.000000,-3.812985
135,70.049,314,983,42,82,walk_up,up,True,False,False,False,False,3.4663502087315057,117,143,-1.205772,-3.617315
136,70.539,305,946,42,82,walk_up,up,True,False,False,False,False,3.4663502087315057,117,143,-1.205772,-3.617315
137,71.039,295,902,42,82,walk_up,up,True,False,False,False,False,3.4663502087315057,117,143,-1.205772,-3.617315
138,71.541,285,861,42,82,walk_up,up,True,False,False,False,False,3.4663502087315057,117,143,-0.924785,-3.699139
139,72.192,278,828,42,82,walk_up,up,True,False,False,False,False,3.4663502087315057,117,143,0.000000,-3.812985
140,72.538,272,804,42,82,walk_up,up,True,False,False,False,False,3.4663502087315057,117,143,-1.205772,-3.617315
141,73.539,263,767,42,82,walk_up,up,True,False,False,False,False,3.4663502087315057,117,143,-1.205772,-3.617315
142,74.039,254,726,42,82,walk_up,up,True,False,False,False,False,3.4663502087315057,117,143,-0.924785,-3.699139
143,74.541,244,686,42,82,walk_up,up,True,False,False,False,False,3.4663502087315057,117,143,-1.205772,-3.617315
144,75.144,236,649,42,82,walk_up,up,True,False,False,False,False,3.4663502087315057,117,143,0.000000,-3.812985
145,75.539,229,622,42,82,walk_up,up,True,False,False,False,False,3.4663502087315057,117,143,-1.205772,-3.617315
146,76.046,219,578,42,82,walk_up,up,True,False,False,False,False,3.4663502087315057,117,143,-1.205772,-3.617315
147,76.545,209,537,42,82,walk_up,up,True,False,False,False,False,3.4663502087315057,117,143,-0.924785,-3.699139
148,77.038,200,497,42,82,walk_up,up,True,False,False,False,False,3.4663502087315057,117,143,-1.205772,-3.617315
149,77.538,191,456,42,82,walk_up,up,True,False,False,False,False,3.4663502087315057,117,143,0.000000,-3.812985
150,78.156,182,419,42,82,walk_up,up,True,False,False,False,False,3.4663502087315057,117,143,-0.924785,-3.699139
151,78.538,176,396,42,82,walk_up,up,True,False,False,False,False,3.4663502087315057,117,143,-1.205772,-3.617315
152,79.039,167,355,42,82,walk_up,up,True,False,False,False,False,3.4663502087315057,117,143,-1.205772,-3.617315
153,79.538,157,315,42,82,walk_up,up,True,False,False,False,False,3.4663502087315057,117,143,-1.205772,-3.617315
154,80.039,760,40,42,82,fall,up,True,False,True,False,False,3.4663502087315057,117,143,0.000000,-3.812985
155,80.538,762,97,38,80,fall,up,True,False,True,False,False,3.4663502087315057,117,143,0.000000,-3.812985
156,81.147,762,240,38,80,fall,up,True,False,True,False,False,3.4663502087315057,117,143,0.000000,-3.812985
157,81.539,762,391,38,80,fall,up,True,False,True,False,False,3.4663502087315057,117,143,0.000000,-3.812985
158,82.040,762,686,38,80,fall,up,True,False,True,False,False,3.4663502087315057,117,143,0.000000,-3.812985
159,82.539,762,1082,38,80,fall,up,True,False,True,False,False,3.4663502087315057,117,143,0.000000,-3.812985
160,83.038,762,1398,38,80,fall,up,True,False,True,False,False,3.4663502087315057,117,143,0.000000,-3.812985
161,83.537,745,1488,42,82,walk_up,up,True,False,False,False,False,3.4663502087315057,117,143,-1.205772,-3.617315
162,84.248,729,1453,42,82,walk_up,up,True,False,False,False,False,3.4663502087315057,117,143,-0.924785,-3.699139
163,84.539,724,1444,42,82,walk_up,up,True,False,False,False,False,3.4663502087315057,117,143,-2.115064,-3.172595
164,85.043,708,1409,42,82,walk_up,up,True,False,False,False,False,3.4663502087315057,117,143,-1.705219,-3.410438
165,85.537,692,1375,42,82,walk_up,up,True,False,False,False,False,3.4663502087315057,117,143,-2.115064,-3.172595
166,86.038,674,1337,42,82,walk_up,up,True,False,False,False,False,3.4663502087315057,117,143,-2.115064,-3.172595
167,86.537,657,1300,42,82,walk_up,up,True,False,False,False,False,3.4663502087315057,117,143,-1.205772,-3.617315
168,87.155,642,1268,42,82,walk_up,up,True,False,False,False,False,3.4663502087315057,117,143,-2.115064,-3.172595
169,87.537,630,1243,42,82,walk_up,up,True,False,False,False,False,3.4663502087315057,117,143,-2.115064,-3.172595
170,88.038,613,1205,42,82,walk_up,up,True,False,False,False,False,3.4663502087315057,117,143,-1.205772,-3.617315
171,88.538,594,1164,42,82,walk_up,up,True,False,False,False,False,3.4663502087315057,117,143,-0.924785,-3.699139
172,89.037,575,1124,42,82,walk_up,up,True,False,False,False,False,3.4663502087315057,117,143,-1.205772,-3.617315
173,89.537,557,1086,42,82,walk_up,up,True,False,False,False,False,3.4663502087315057,117,143,-2.115064,-3.172595
174,90.128,540,1048,42,82,walk_up,up,True,False,False,False,False,3.4663502087315057,117,143,-1.205772,-3.617315
175,90.538,526,1020,42,82,walk_up,up,True,False,False,False,False,3.4663502087315057,117,143,-2.115064,-3.172595
176,91.039,509,982,42,82,walk_up,up,True,False,False,False,False,3.4663502087315057,117,143,-1.205772,-3.617315
177,91.541,494,950,42,82,walk_up,up,True,False,False,False,False,3.4663502087315057,117,143,-1.089984,-2.179967
178,92.038,481,924,42,82,walk_up,up,True,False,False,False,False,3.4663502087315057,117,143,-1.085140,-2.170281
179,92.543,472,901,42,82,walk_up,up,True,False,False,False,False,3.4663502087315057,577,8,0.000000,-2.426445
180,93.152,476,875,42,82,walk_up,up,True,False,False,False,False,3.4663502087315057,577,8,1.085139,-2.170279
181,93.537,479,849,42,82,walk_up,up,True,False,False,False,False,3.4663502087315057,577,8,1.202346,-3.607039
182,94.038,483,814,42,82,walk_up,up,True,False,False,False,False,3.4663502087315057,577,8,0.924782,-3.699129
183,94.538,487,776,42,82,walk_up,up,True,False,False,False,False,3.4663502087315057,577,8,0.000000,-3.812985
184,95.039,492,735,42,82,walk_up,up,True,False,False,False,False,3.4663502087315057,577,8,0.924785,-3.699139
185,95.539,496,697,42,82,walk_up,up,True,False,False,False,False,3.4663502087315057,577,8,0.000000,-3.812985
186,96.141,500,663,42,82,walk_up,up,True,False,False,False,False,3.4663502087315057,577,8,0.000000,-3.812985
187,96.537,504,635,42,82,walk_up,up,True,False,False,False,False,3.4663502087315057,577,8,0.924785,-3.699139
188,97.038,509,590,42,82,walk_up,up,True,False,False,False,False,3.4663502087315057,577,8,0.924785,-3.699139
189,97.537,514,546,42,82,walk_up,up,True,False,False,False,False,3.4663502087315057,577,8,0.000000,-3.812985
190,98.039,518,508,42,82,walk_up,up,True,False,False,False,False,3.4663502087315057,577,8,0.000000,-3.812985
191,98.539,523,467,42,82,walk_up,up,True,False,False,False,False,3.4663502087315057,577,8,0.000000,-3.812985
192,99.256,528,425,42,82,walk_up,up,True,False,False,False,False,3.4663502087315057,577,8,0.000000,-3.812985
193,99.539,529,415,42,82,walk_up,up,True,False,False,False,False,3.4663502087315057,577,8,0.000000,-3.812985
194,100.042,120,40,42,82,fall,up,True,False,True,False,False,3.4663502087315057,577,8,0.000000,-3.812985
195,100.540,122,81,38,80,fall,up,True,False,True,False,False,3.4663502087315057,577,8,0.000000,-3.812985
196,101.039,122,213,38,80,fall,up,True,False,True,False,False,3.4663502087315057,577,8,0.000000,-3.812985
197,101.539,122,424,38,80,fall,up,True,False,True,False,False,3.4663502087315057,577,8,0.000000,-3.812985
198,102.174,122,789,38,80,fall,up,True,False,True,False,False,3.4663502087315057,577,8,0.000000,-3.812985
199,102.539,122,1063,38,80,fall,up,True,False,True,False,False,3.4663502087315057,577,8,0.000000,-3.812985
200,103.039,122,1520,38,80,idle,up,True,False,False,False,False,3.4663502087315057,577,8,0.000000,-3.812985
201,103.537,131,1482,42,82,walk_up,up,True,False,False,False,False,3.4663502087315057,577,8,1.205772,-3.617315
202,104.539,144,1439,42,82,walk_up,up,True,False,False,False,False,3.4663502087315057,577,8,1.205772,-3.617315
203,105.140,157,1396,42,82,walk_up,up,True,False,False,False,False,3.4663502087315057,577,8,1.205772,-3.617315
204,105.536,165,1369,42,82,walk_up,up,True,False,False,False,False,3.4663502087315057,577,8,0.924785,-3.699139
205,106.038,177,1329,42,82,walk_up,up,True,False,False,False,False,3.4663502087315057,577,8,0.924785,-3.699139
206,106.538,189,1290,42,82,walk_up,up,True,False,False,False,False,3.4663502087315057,577,8,1.205772,-3.617315
207,107.038,202,1250,42,82,walk_up,up,True,False,False,False,False,3.4663502087315057,577,8,1.205772,-3.617315
208,107.537,214,1210,42,82,walk_up,up,True,False,False,False,False,3.4663502087315057,577,8,1.205772,-3.617315
209,108.156,225,1174,42,82,idle,up,True,False,False,False,False,3.4663502087315057,577,8,1.205772,-3.617315
210,108.545,232,1150,42,82,walk_up,up,True,False,False,False,False,3.4663502087315057,577,8,0.924785,-3.699139
211,109.041,243,1114,42,82,walk_up,up,True,False,False,False,False,3.4663502087315057,577,8,1.205772,-3.617315
212,109.539,254,1077,42,82,walk_up,up,True,False,False,False,False,3.4663502087315057,577,8,0.924785,-3.699139
213,110.038,265,1041,42,82,walk_up,up,True,False,False,False,False,3.4663502087315057,577,8,1.205772,-3.617315
214,110.538,276,1004,42,82,walk_up,up,True,False,False,False,False,3.4663502087315057,577,8,0.924785,-3.699139
215,111.148,288,964,42,82,walk_up,up,True,False,False,False,False,3.4663502087315057,577,8,0.924785,-3.699139
216,111.538,297,935,42,82,walk_up,up,True,False,False,False,False,3.4663502087315057,577,8,1.205772,-3.617315
217,112.038,310,891,42,82,walk_up,up,True,False,False,False,False,3.4663502087315057,577,8,0.924785,-3.699139
218,112.537,323,848,42,82,walk_up,up,True,False,False,False,False,3.4663502087315057,577,8,0.924785,-3.699139
219,113.049,335,809,42,82,walk_up,up,True,False,False,False,False,3.4663502087315057,577,8,1.205772,-3.617315
220,113.538,347,769,42,82,walk_up,up,True,False,False,False,False,3.4663502087315057,577,8,1.205772,-3.617315
221,114.138,358,732,42,82,walk_up,up,True,False,False,False,False,3.4663502087315057,577,8,0.924785,-3.699139
222,114.538,366,706,42,82,walk_up,up,True,False,False,False,False,3.4663502087315057,577,8,1.205772,-3.617315
223,115.041,375,676,42,82,walk_up,up,True,False,False,False,False,3.4663502087315057,577,8,1.205772,-3.617315
224,115.538,388,633,42,82,walk_up,up,True,False,False,False,False,3.4663502087315057,577,8,1.205772,-3.617315
225,116.039,401,590,42,82,walk_up,up,True,False,False,False,False,3.4663502087315057,577,8,1.205772,-3.617315
226,116.537,413,550,42,82,walk_up,up,True,False,False,False,False,3.4663502087315057,577,8,1.205772,-3.617315
227,117.211,425,510,42,82,walk_up,up,True,False,False,False,False,3.4663502087315057,577,8,1.205772,-3.617315
228,117.538,432,487,42,82,walk_up,up,True,False,False,False,False,3.4663502087315057,577,8,1.205772,-3.617315
229,118.037,445,444,42,82,walk_up,up,True,False,False,False,False,3.4663502087315057,577,8,1.205772,-3.617315
230,118.537,458,400,42,82,walk_up,up,True,False,False,False,False,3.4663502087315057,577,8,0.924785,-3.699139
231,119.039,471,357,42,82,walk_up,up,True,False,False,False,False,3.4663502087315057,577,8,0.924785,-3.699139
232,119.537,485,314,42,82,walk_up,up,True,False,False,False,False,3.4663502087315057,577,8,0.924785,-3.699139
233,120.193,440,40,42,82,fall,up,True,False,True,False,False,3.4663502087315057,577,8,0.000000,-3.812985
234,120.538,442,58,38,80,fall,up,True,False,True,False,False,3.4663502087315057,577,8,0.000000,-3.812985
235,121.037,442,165,38,80,fall,up,True,False,True,False,False,3.4663502087315057,577,8,0.000000,-3.812985
236,121.538,442,383,38,80,fall,up,True,False,True,False,False,3.4663502087315057,577,8,0.000000,-3.812985
237,122.038,442,708,38,80,fall,up,True,False,True,False,False,3.4663502087315057,577,8,0.000000,-3.812985
238,122.539,442,1136,38,80,fall,up,True,False,True,False,False,3.4663502087315057,577,8,0.000000,-3.812985
239,123.237,443,1513,38,80,idle,up,True,False,False,False,False,3.4663502087315057,577,8,0.000000,-3.812985
240,123.539,443,1495,42,82,walk_up,up,True,False,False,False,False,3.4663502087315057,577,8,0.924785,-3.699139
241,124.040,446,1461,42,82,walk_up,up,True,False,False,False,False,3.4663502087315057,577,8,1.205772,-3.617315
242,124.539,449,1423,42,82,walk_up,up,True,False,False,False,False,3.4663502087315057,577,8,0.000000,-3.812985
243,125.041,452,1392,42,82,walk_up,up,True,False,False,False,False,3.4663502087315057,577,8,0.000000,-3.812985
244,125.537,456,1347,42,82,walk_up,up,True,False,False,False,False,3.4663502087315057,577,8,0.000000,-3.812985
245,126.143,460,1302,42,82,walk_up,up,True,False,False,False,False,3.4663502087315057,577,8,0.000000,-3.812985
246,126.539,463,1274,42,82,walk_up,up,True,False,False,False,False,3.4663502087315057,577,8,0.924785,-3.699139
247,127.041,467,1229,42,82,walk_up,up,True,False,False,False,False,3.4663502087315057,577,8,0.924785,-3.699139
248,127.537,471,1184,42,82,walk_up,up,True,False,False,False,False,3.4663502087315057,577,8,0.924785,-3.699139
249,128.036,474,1143,42,82,walk_up,up,True,False,False,False,False,3.4663502087315057,577,8,0.000000,-3.812985
250,128.537,479,1098,42,82,walk_up,up,True,False,False,False,False,3.4663502087315057,577,8,0.924785,-3.699139
251,129.130,482,1057,42,82,walk_up,up,True,False,False,False,False,3.4663502087315057,577,8,0.000000,-3.812985
252,129.537,485,1022,42,82,walk_up,up,True,False,False,False,False,3.4663502087315057,577,8,0.000000,-3.812985
253,130.039,489,977,42,82,walk_up,up,True,False,False,False,False,3.4663502087315057,577,8,0.000000,-3.812985
254,130.536,493,932,42,82,walk_up,up,True,False,False,False,False,3.4663502087315057,577,8,0.000000,-3.812985
255,131.037,498,888,42,82,walk_up,up,True,False,False,False,False,3.4663502087315057,577,8,1.205772,-3.617315
256,131.540,502,843,42,82,walk_up,up,True,False,False,False,False,3.4663502087315057,577,8,1.205772,-3.617315
257,132.121,505,801,42,82,walk_up,up,True,False,False,False,False,3.4663502087315057,577,8,0.000000,-3.812985
258,132.538,508,770,42,82,walk_up,up,True,False,False,False,False,3.4663502087315057,577,8,0.000000,-3.812985
259,133.039,512,725,42,82,walk_up,up,True,False,False,False,False,3.4663502087315057,577,8,0.000000,-3.812985
260,133.538,516,680,42,82,walk_up,up,True,False,False,False,False,3.4663502087315057,577,8,0.000000,-3.812985
261,134.037,520,636,42,82,walk_up,up,True,False,False,False,False,3.4663502087315057,577,8,0.000000,-3.812985
262,134.538,524,591,42,82,walk_up,up,True,False,False,False,False,3.4663502087315057,577,8,0.000000,-3.812985
263,135.142,528,549,42,82,walk_up,up,True,False,False,False,False,3.4663502087315057,577,8,0.000000,-3.812985
264,135.538,531,522,42,82,walk_up,up,True,False,False,False,False,3.4663502087315057,577,8,1.205772,-3.617315
265,136.541,535,477,42,82,walk_up,up,True,False,False,False,False,3.4663502087315057,577,8,1.205772,-3.617315
266,137.039,538,435,42,82,walk_up,up,True,False,False,False,False,3.4663502087315057,577,8,0.000000,-3.812985
267,137.579,541,394,42,82,walk_up,up,True,False,False,False,False,3.4663502087315057,457,143,-1.205772,-3.617315
268,138.145,531,364,42,82,walk_up,up,True,False,False,False,False,3.4663502087315057,457,143,-0.924785,-3.699139
269,138.539,522,338,42,82,walk_up,up,True,False,False,False,False,3.4663502087315057,457,143,-1.205772,-3.617315
270,139.038,508,295,42,82,walk_up,up,True,False,False,False,False,3.4663502087315057,457,143,-0.924785,-3.699139
271,139.536,495,256,42,82,walk_up,up,True,False,False,False,False,3.4663502087315057,457,143,-1.205772,-3.617315
272,140.039,760,40,40,80,fall,up,True,False,True,False,False,3.4663502087315057,457,143,0.000000,0.000000
273,140.537,759,96,42,82,walk_up,up,True,False,True,False,False,3.4663502087315057,457,143,0.000000,0.000000
274,141.138,759,249,42,82,walk_up,up,True,False,True,False,False,3.4663502087315057,457,143,0.000000,0.000000
275,141.538,759,441,42,82,walk_up,up,True,False,True,False,False,3.4663502087315057,457,143,0.000000,0.000000
276,142.038,759,813,42,82,walk_up,up,True,False,True,False,False,3.4663502087315057,457,143,0.000000,0.000000
277,142.538,759,1275,42,82,walk_up,up,True,False,True,False,False,3.4663502087315057,457,143,0.000000,0.000000
278,143.038,754,1493,42,82,walk_up,up,True,False,False,False,False,3.4663502087315057,457,143,0.000000,-3.798091
279,143.537,748,1466,42,82,act,up,True,False,False,False,False,3.4663502087315057,457,143,0.000000,-3.812927
280,144.340,711,1467,116,80,act,up,True,False,False,False,False,3.4663502087315057,457,143,0.000000,0.000000
281,144.540,711,1467,116,80,act,up,True,False,False,False,False,3.4663502087315057,457,143,0.000000,0.000000
282,145.039,711,1467,116,80,act,up,True,False,False,False,False,3.4663502087315057,457,143,0.000000,0.000000
283,145.539,711,1467,116,80,act,up,True,False,False,False,False,3.4663502087315057,457,143,0.000000,0.000000
284,146.038,711,1467,116,80,act,up,True,False,False,False,False,3.4663502087315057,457,143,0.000000,0.000000
285,146.537,711,1467,116,80,act,up,True,False,False,False,False,3.4663502087315057,457,143,0.000000,0.000000
286,147.136,721,1429,116,80,jump_ball,up,True,False,False,False,False,3.4663502087315057,457,143,-0.809187,-3.236747
287,147.538,756,1396,40,40,jump_ball,up,True,False,False,False,False,3.4663502087315057,457,143,-0.809187,-3.236747
288,148.040,799,1459,40,40,land,up,True,False,False,False,False,3.4663502087315057,457,143,-0.809187,-3.236747
289,148.537,784,1398,50,82,land,up,True,False,False,False,False,3.4663502087315057,457,143,-1.205735,-3.617205
290,149.038,776,1355,42,82,walk_up,up,True,False,False,False,False,3.4663502087315057,457,143,-1.205772,-3.617315
291,149.537,765,1311,42,82,walk_up,up,True,False,False,False,False,3.4663502087315057,457,143,-1.205772,-3.617315
