t,wx,wy,ww,wh,anim,dir,moving,falling,sleeping,spdx,spdy
1.407,2391,1381,138,94,idle,down,False,False,False,0.000,0.000
1.615,2429,1381,38,80,walk_left,left,True,False,False,-2.821,-1.881
2.019,2389,1360,38,80,walk_left,left,True,False,False,-3.320,-1.107
2.422,2349,1338,38,80,walk_left,left,True,False,False,-2.912,-1.941
2.842,2309,1316,38,80,walk_left,left,True,False,False,-2.912,-1.941
3.241,2284,1303,38,80,walk_left,left,True,False,False,-3.320,-1.107
3.641,2244,1281,38,80,walk_left,left,True,False,False,-2.912,-1.941
4.052,2204,1259,38,80,walk_left,left,True,False,False,-2.912,-1.941
4.455,2167,1239,38,80,walk_left,left,True,False,False,-2.912,-1.941
4.863,2127,1218,38,80,walk_left,left,True,False,False,-3.320,-1.107
5.274,2087,1196,38,80,walk_left,left,True,False,False,-2.912,-1.941
5.674,2047,1174,38,80,walk_left,left,True,False,False,-2.912,-1.941
6.111,2016,1158,38,80,walk_left,left,True,False,False,-3.395,-0.849
6.490,2054,1177,38,80,walk_right,right,True,False,False,2.912,1.941
6.899,2095,1197,38,80,walk_right,right,True,False,False,2.912,1.941
7.304,2135,1217,38,80,walk_right,right,True,False,False,3.320,1.107
7.705,2170,1235,38,80,walk_right,right,True,False,False,2.330,1.553
8.116,2203,1251,38,80,walk_right,right,True,False,False,2.388,0.796
8.523,2157,1246,138,94,idle,right,False,False,False,0.000,0.000
8.925,2157,1246,138,94,idle,right,False,False,False,0.000,0.000
9.336,2157,1246,138,94,idle,right,False,False,False,0.000,0.000
9.741,2157,1246,138,94,idle,right,False,False,False,0.000,0.000
10.151,2157,1246,138,94,idle,right,False,False,False,0.000,0.000
10.550,2218,1252,38,80,walk_right,right,True,False,False,3.146,-1.049
10.957,2263,1249,38,80,walk_right,right,True,False,False,3.538,0.000
11.365,2302,1246,38,80,walk_right,right,True,False,False,3.538,0.000
11.768,2342,1243,38,80,walk_right,right,True,False,False,2.832,0.000
12.174,2356,1242,38,80,walk_left,left,True,False,False,-3.361,0.000
12.589,2310,1244,38,80,walk_left,left,True,False,False,-3.538,0.000
12.990,2264,1246,38,80,walk_left,left,True,False,False,-3.432,0.858
13.394,2218,1247,38,80,walk_left,left,True,False,False,-3.538,0.000
13.799,2172,1249,38,80,walk_left,left,True,False,False,-3.538,0.000
14.208,2126,1251,38,80,walk_left,left,True,False,False,-3.538,0.000
14.621,2080,1253,38,80,walk_left,left,True,False,False,-3.538,0.000
15.200,2038,1254,38,80,walk_left,left,True,False,False,-3.538,0.000
15.424,2013,1255,38,80,walk_left,left,True,False,False,-3.538,0.000
15.834,1967,1257,38,80,walk_left,left,True,False,False,-3.538,0.000
16.242,1921,1259,38,80,walk_left,left,True,False,False,-3.538,0.000
16.642,1875,1261,38,80,walk_left,left,True,False,False,-3.432,0.858
17.053,1829,1262,38,80,walk_left,left,True,False,False,-3.538,0.000
17.458,1783,1264,38,80,walk_left,left,True,False,False,-3.538,0.000
17.862,1737,1266,38,80,walk_left,left,True,False,False,-3.538,0.000
18.267,1732,1251,38,80,walk_up,up,True,False,False,1.962,-2.944
18.673,1752,1209,42,82,walk_up,up,True,False,False,1.582,-3.164
19.084,1774,1169,42,82,walk_up,up,True,False,False,1.962,-2.944
19.487,1796,1129,42,82,walk_up,up,True,False,False,1.962,-2.944
19.894,1818,1088,42,82,walk_up,up,True,False,False,1.962,-2.944
20.305,1840,1048,42,82,walk_up,up,True,False,False,1.962,-2.944
20.707,1862,1008,42,82,walk_up,up,True,False,False,1.962,-2.944
21.266,1874,982,38,80,walk_left,left,True,False,False,-2.944,-1.962
21.517,1850,968,38,80,walk_left,left,True,False,False,-2.944,-1.962
21.924,1810,945,38,80,walk_left,left,True,False,False,-2.944,-1.962
22.338,1770,922,38,80,walk_left,left,True,False,False,-2.944,-1.962
22.740,1730,899,38,80,walk_left,left,True,False,False,-2.944,-1.962
23.155,1690,876,38,80,walk_left,left,True,False,False,-2.944,-1.962
23.548,1650,853,38,80,walk_left,left,True,False,False,-2.944,-1.962
23.957,1610,830,38,80,walk_left,left,True,False,False,-2.944,-1.962
24.363,1588,820,38,80,walk_left,left,True,False,False,-3.356,-1.119
24.766,1546,801,38,80,walk_left,left,True,False,False,-3.356,-1.119
25.182,1504,782,38,80,walk_left,left,True,False,False,-3.356,-1.119
25.578,1462,763,38,80,walk_left,left,True,False,False,-3.432,-0.858
25.990,1420,744,38,80,walk_left,left,True,False,False,-3.432,-0.858
26.394,1379,725,38,80,walk_left,left,True,False,False,-3.356,-1.119
26.807,1337,706,38,80,walk_left,left,True,False,False,-3.356,-1.119
27.206,1314,696,38,80,walk_left,left,True,False,False,-3.356,-1.119
27.611,1272,677,38,80,walk_left,left,True,False,False,-3.356,-1.119
28.023,1230,658,38,80,walk_left,left,True,False,False,-3.432,-0.858
28.424,1188,639,38,80,walk_left,left,True,False,False,-3.432,-0.858
28.829,1147,620,38,80,walk_left,left,True,False,False,-3.356,-1.119
29.240,1105,601,38,80,walk_left,left,True,False,False,-3.356,-1.119
29.648,1063,582,38,80,walk_left,left,True,False,False,-3.356,-1.119
30.120,1027,565,38,80,walk_left,left,True,False,False,-3.164,-1.582
30.454,1061,585,38,80,walk_right,right,True,False,False,2.944,1.962
30.861,1101,608,38,80,walk_right,right,True,False,False,2.944,1.962
31.274,1141,631,38,80,walk_right,right,True,False,False,3.432,0.858
31.674,1180,654,38,80,walk_right,right,True,False,False,3.356,1.119
32.082,1220,678,38,80,walk_right,right,True,False,False,2.944,1.962
32.490,1229,683,38,80,walk_right,right,True,False,False,2.944,1.962
32.902,1269,706,38,80,walk_right,right,True,False,False,2.944,1.962
33.330,1278,711,38,80,walk_right,right,True,False,False,3.356,1.119
33.708,1315,733,38,80,walk_right,right,True,False,False,2.944,1.962
34.127,1355,756,38,80,walk_right,right,True,False,False,2.944,1.962
34.521,1394,779,38,80,walk_right,right,True,False,False,2.944,1.962
34.923,1434,802,38,80,walk_right,right,True,False,False,2.944,1.962
35.330,1474,825,38,80,walk_right,right,True,False,False,2.944,1.962
35.736,1514,848,38,80,walk_right,right,True,False,False,3.356,1.119
36.156,1535,864,38,80,walk_left,left,True,False,False,-3.356,1.119
36.556,1492,881,38,80,walk_left,left,True,False,False,-3.356,1.119
36.959,1449,898,38,80,walk_left,left,True,False,False,-3.432,0.858
37.367,1407,915,38,80,walk_left,left,True,False,False,-3.356,1.119
37.774,1364,932,38,80,walk_left,left,True,False,False,-3.356,1.119
38.173,1321,949,38,80,walk_left,left,True,False,False,-3.356,1.119
38.583,1278,966,38,80,walk_left,left,True,False,False,-3.432,0.858
39.702,1236,983,38,80,walk_left,left,True,False,False,-3.356,1.119
39.802,1226,987,38,80,walk_left,left,True,False,False,-3.356,1.119
40.207,1183,1004,38,80,walk_left,left,True,False,False,-3.432,0.858
40.614,1141,1021,38,80,walk_left,left,True,False,False,-3.356,1.119
41.016,1098,1038,38,80,walk_left,left,True,False,False,-3.356,1.119
41.424,1055,1055,38,80,walk_left,left,True,False,False,-3.356,1.119
41.841,1012,1072,38,80,walk_left,left,True,False,False,-3.432,0.858
42.294,996,1079,38,80,walk_left,left,True,False,False,-3.356,1.119
42.647,1029,1059,38,80,walk_right,right,True,False,False,2.944,-1.962
43.058,1069,1035,38,80,walk_right,right,True,False,False,2.944,-1.962
43.457,1108,1011,38,80,walk_right,right,True,False,False,2.944,-1.962
43.865,1147,987,38,80,walk_right,right,True,False,False,2.944,-1.962
44.272,1187,964,38,80,walk_right,right,True,False,False,3.356,-1.119
44.675,1226,940,38,80,walk_right,right,True,False,False,2.944,-1.962
45.175,1250,921,38,80,walk_left,left,True,False,False,-2.944,-1.962
45.490,1223,899,38,80,walk_left,left,True,False,False,-2.944,-1.962
45.900,1187,870,38,80,walk_left,left,True,False,False,-2.944,-1.962
46.300,1152,841,38,80,walk_up,up,True,False,False,-2.502,-2.502
46.704,1116,812,38,80,walk_left,left,True,False,False,-2.944,-1.962
47.121,1065,770,42,82,walk_up,up,True,False,False,-3.931,-3.931
47.528,1020,733,38,80,walk_left,left,True,False,False,-4.447,-3.336
47.924,967,691,42,82,walk_left,left,True,False,False,-4.447,-3.336
48.328,932,665,38,80,walk_left,left,True,False,False,-4.972,-2.486
48.737,879,626,38,80,walk_left,left,True,False,False,-4.447,-3.336
49.143,826,588,38,80,walk_left,left,True,False,False,-4.447,-3.336
49.556,772,549,38,80,walk_left,left,True,False,False,-4.447,-3.336
49.958,719,511,38,80,walk_left,left,True,False,False,-4.447,-3.336
50.369,666,472,38,80,walk_left,left,True,False,False,-4.447,-3.336
50.774,612,434,38,80,walk_left,left,True,False,False,-4.447,-3.336
51.201,584,413,38,80,walk_left,left,True,False,False,-4.447,-3.336
51.587,534,378,38,80,walk_left,left,True,False,False,-4.767,-2.860
51.991,481,340,38,80,walk_left,left,True,False,False,-4.972,-2.486
52.396,430,303,42,82,walk_left,left,True,False,False,-3.816,-2.862
52.801,422,297,40,80,look_up,left,False,False,False,0.000,0.000
53.206,422,297,40,80,walk_left,left,False,False,False,0.000,0.000
53.622,373,290,138,94,idle,left,False,False,False,0.000,0.000
54.107,373,290,138,94,idle,left,True,False,False,0.000,0.000
54.424,465,319,38,80,walk_right,right,True,False,False,5.157,2.063
54.835,509,343,38,80,walk_right,right,True,False,False,4.972,2.486
55.241,567,374,38,80,walk_right,right,True,False,False,4.972,2.486
55.643,625,405,38,80,walk_right,right,True,False,False,4.972,2.486
56.052,683,436,38,80,walk_right,right,True,False,False,4.972,2.486
56.457,741,467,38,80,walk_right,right,True,False,False,5.631,2.252
56.870,772,484,38,80,walk_right,right,True,False,False,4.852,3.639
57.268,794,496,38,80,walk_right,right,True,False,False,4.852,3.639
57.674,839,520,38,80,walk_right,right,True,False,False,5.200,3.120
58.080,897,551,38,80,walk_right,right,True,False,False,5.200,3.120
58.491,955,582,38,80,walk_right,right,True,False,False,5.200,3.120
58.900,1013,613,38,80,walk_right,right,True,False,False,5.200,3.120
59.308,1071,644,38,80,walk_right,right,True,False,False,5.200,3.120
59.706,1124,672,38,80,walk_right,right,True,False,False,5.424,2.712
60.134,1160,697,38,80,walk_left,left,True,False,False,-4.852,3.639
60.522,1113,735,38,80,walk_left,left,True,False,False,-4.852,3.639
60.924,1062,777,38,80,walk_left,left,True,False,False,-4.852,3.639
61.336,1011,818,38,80,walk_left,left,True,False,False,-4.852,3.639
61.738,960,860,38,80,walk_left,left,True,False,False,-4.852,3.639
62.142,910,901,38,80,walk_left,left,True,False,False,-4.288,4.288
62.556,863,940,38,80,walk_left,left,True,False,False,-4.288,4.288
62.955,812,981,38,80,walk_left,left,True,False,False,-4.852,3.639
63.373,772,1013,38,80,walk_left,left,True,False,False,-4.852,3.639
63.773,722,1055,38,80,walk_left,left,True,False,False,-4.288,4.288
64.475,674,1093,38,80,walk_left,left,True,False,False,-4.852,3.639
64.581,663,1103,38,80,walk_left,left,True,False,False,-4.852,3.639
64.985,612,1144,38,80,walk_left,left,True,False,False,-4.852,3.639
65.402,561,1186,38,80,walk_left,left,True,False,False,-4.852,3.639
65.807,510,1227,38,80,walk_left,left,True,False,False,-4.852,3.639
66.207,500,1239,38,80,walk_right,right,True,False,False,5.200,-3.120
66.619,558,1209,38,80,walk_right,right,True,False,False,5.424,-2.712
67.022,616,1178,38,80,walk_right,right,True,False,False,4.852,-3.639
67.424,674,1148,38,80,walk_right,right,True,False,False,5.424,-2.712
67.832,733,1117,38,80,walk_right,right,True,False,False,5.200,-3.120
68.237,791,1087,38,80,walk_right,right,True,False,False,5.631,-2.252
68.655,849,1056,38,80,walk_right,right,True,False,False,4.852,-3.639
69.128,903,1028,38,80,walk_right,right,True,False,False,5.631,-2.252
69.456,948,1005,38,80,walk_right,right,True,False,False,5.631,-2.252
69.860,1006,974,38,80,walk_right,right,True,False,False,5.631,-2.252
70.271,1064,944,38,80,walk_right,right,True,False,False,5.631,-2.252
70.675,1122,913,38,80,walk_right,right,True,False,False,5.424,-2.712
71.080,1180,883,38,80,walk_right,right,True,False,False,5.424,-2.712
71.485,1238,852,38,80,walk_right,right,True,False,False,5.424,-2.712
71.901,1297,822,38,80,walk_right,right,True,False,False,5.631,-2.252
72.304,1280,797,38,80,walk_left,left,True,False,False,-5.424,-2.712
72.707,1223,763,38,80,walk_left,left,True,False,False,-4.852,-3.639
73.133,1166,730,38,80,walk_left,left,True,False,False,-5.200,-3.120
73.524,1109,697,38,80,walk_left,left,True,False,False,-5.631,-2.252
73.923,1053,664,38,80,walk_left,left,True,False,False,-5.424,-2.712
74.333,996,630,38,80,walk_left,left,True,False,False,-4.852,-3.639
74.805,939,597,38,80,walk_left,left,True,False,False,-5.200,-3.120
75.149,909,579,38,80,walk_left,left,True,False,False,-4.852,-3.639
75.551,852,546,38,80,walk_left,left,True,False,False,-5.200,-3.120
75.955,796,513,38,80,walk_left,left,True,False,False,-5.424,-2.712
76.373,739,480,38,80,walk_left,left,True,False,False,-5.424,-2.712
76.773,682,446,38,80,walk_left,left,True,False,False,-5.200,-3.120
77.173,626,413,38,80,walk_left,left,True,False,False,-4.852,-3.639
77.582,569,380,38,80,walk_left,left,True,False,False,-4.852,-3.639
78.098,512,347,38,80,walk_left,left,True,False,False,-5.631,-2.252
78.404,552,368,38,80,walk_right,right,True,False,False,5.424,2.712
78.806,610,399,38,80,walk_right,right,True,False,False,5.424,2.712
79.206,668,430,38,80,walk_right,right,True,False,False,5.424,2.712
79.620,726,461,38,80,walk_right,right,True,False,False,5.424,2.712
80.023,784,492,38,80,walk_right,right,True,False,False,5.424,2.712
80.424,842,523,38,80,walk_right,right,True,False,False,5.424,2.712
80.839,900,554,38,80,walk_right,right,True,False,False,5.165,2.066
81.240,940,575,38,80,walk_right,right,True,False,False,4.972,2.486
81.647,998,606,38,80,walk_right,right,True,False,False,4.972,2.486
82.051,1056,637,38,80,walk_right,right,True,False,False,5.162,2.065
82.457,1114,668,38,80,walk_right,right,True,False,False,5.162,2.065
82.872,1172,699,38,80,walk_right,right,True,False,False,5.162,2.065
83.277,1230,730,38,80,walk_right,right,True,False,False,5.162,2.065
83.673,1288,761,38,80,walk_right,right,True,False,False,5.162,2.065
84.115,1328,788,38,80,walk_left,left,True,False,False,-4.447,3.336
84.490,1280,815,38,80,walk_left,left,True,False,False,-4.972,2.486
84.898,1223,848,38,80,walk_left,left,True,False,False,-4.447,3.336
85.301,1174,875,38,80,walk_left,left,True,False,False,-5.162,2.065
85.703,1117,908,38,80,walk_left,left,True,False,False,-4.767,2.860
86.124,1060,940,38,80,walk_left,left,True,False,False,-4.972,2.486
86.524,1003,973,38,80,walk_left,left,True,False,False,-4.447,3.336
86.924,946,1006,38,80,walk_left,left,True,False,False,-4.447,3.336
87.338,902,1031,38,80,walk_left,left,True,False,False,-4.447,3.336
87.738,845,1063,38,80,walk_left,left,True,False,False,-4.972,2.486
88.145,788,1096,38,80,walk_left,left,True,False,False,-4.447,3.336
88.556,731,1128,38,80,walk_left,left,True,False,False,-4.972,2.486
88.956,674,1161,38,80,walk_left,left,True,False,False,-4.447,3.336
89.364,617,1193,38,80,walk_left,left,True,False,False,-4.972,2.486
89.766,560,1226,38,80,walk_left,left,True,False,False,-4.447,3.336
