frame,t,scene,chapter,rid,has_state,wx,wy,ww,wh,anim,dir,moving,canvas_vis,cw,chh,spdx,spdy
0,2.228,desktop,desktop,-1,True,2391,1381,138,94,idle,down,False,True,640,480,0.000000,0.000000
1,2.832,desktop,desktop,-1,True,2391,1381,138,94,idle,down,False,True,640,480,0.000000,0.000000
2,3.331,desktop,desktop,-1,True,2391,1381,138,94,idle,down,False,True,640,480,0.000000,0.000000
3,3.586,desktop,desktop,-1,True,2391,1381,138,94,idle,down,False,True,640,480,0.000000,0.000000
4,3.836,desktop,desktop,-1,True,2391,1381,138,94,idle,down,False,True,640,480,0.000000,0.000000
5,4.088,desktop,desktop,-1,True,2391,1381,138,94,idle,down,False,True,640,480,0.000000,0.000000
6,4.331,desktop,desktop,-1,True,2391,1381,138,94,idle,down,False,True,640,480,0.000000,0.000000
7,4.578,desktop,desktop,-1,True,2391,1381,138,94,idle,down,False,True,640,480,0.000000,0.000000
8,4.832,desktop,desktop,-1,True,2391,1381,138,94,idle,down,False,True,640,480,0.000000,0.000000
9,5.081,desktop,desktop,-1,True,2391,1381,138,94,idle,down,False,True,640,480,0.000000,0.000000
10,5.329,desktop,desktop,-1,True,2391,1381,138,94,idle,down,False,True,640,480,0.000000,0.000000
11,5.586,desktop,desktop,-1,True,2391,1381,138,94,idle,down,False,True,640,480,0.000000,0.000000
12,5.830,desktop,desktop,-1,True,2391,1381,138,94,idle,down,False,True,640,480,0.000000,0.000000
13,6.094,desktop,desktop,-1,True,2391,1381,138,94,idle,down,False,True,640,480,0.000000,0.000000
14,6.361,oneshot.mainline.INIT,oneshot,1,True,2391,1381,138,94,idle,down,False,True,640,480,0.000000,0.000000
15,6.580,oneshot.mainline.INIT,oneshot,1,True,2391,1381,138,94,idle,down,False,True,640,480,0.000000,0.000000
16,6.836,oneshot.mainline.INIT,oneshot,1,True,2391,1381,138,94,idle,down,False,True,640,480,0.000000,0.000000
17,7.081,oneshot.mainline.INIT,oneshot,1,True,2391,1381,138,94,idle,down,False,True,640,480,0.000000,0.000000
18,7.337,oneshot.mainline.INIT,oneshot,1,True,2396,1385,138,94,walk_down,down,True,True,640,480,1.639023,1.639023
19,7.586,oneshot.mainline.INIT,oneshot,1,True,2444,1393,42,82,idle,left,False,True,640,480,0.000000,0.000000
20,7.829,oneshot.mainline.INIT,oneshot,1,True,2396,1387,138,94,idle,left,False,True,640,480,0.000000,0.000000
21,8.081,oneshot.mainline.INIT,oneshot,1,True,2396,1387,138,94,idle,left,False,True,640,480,0.000000,0.000000
22,8.329,oneshot.mainline.INIT,oneshot,1,True,2396,1387,138,94,idle,left,False,True,640,480,0.000000,0.000000
23,8.586,oneshot.mainline.INIT,oneshot,1,True,2396,1387,138,94,idle,left,False,True,640,480,0.000000,0.000000
24,8.830,oneshot.mainline.INIT,oneshot,1,True,2396,1387,138,94,idle,left,False,True,640,480,0.000000,0.000000
25,9.333,oneshot.mainline.INIT,oneshot,1,True,2396,1387,138,94,idle,left,False,True,640,480,0.000000,0.000000
26,9.578,oneshot.mainline.INIT,oneshot,1,True,2396,1387,138,94,idle,left,False,True,640,480,0.000000,0.000000
27,9.828,oneshot.mainline.INIT,oneshot,1,True,2396,1387,138,94,idle,left,False,True,640,480,0.000000,0.000000
28,10.079,oneshot.mainline.INIT,oneshot,1,True,2396,1387,138,94,idle,left,False,True,640,480,0.000000,0.000000
29,10.333,oneshot.mainline.INIT,oneshot,1,True,2396,1387,138,94,idle,left,False,True,640,480,0.000000,0.000000
30,10.577,oneshot.mainline.INIT,oneshot,1,True,2396,1387,138,94,idle,left,False,True,640,480,0.000000,0.000000
31,10.836,oneshot.mainline.INIT,oneshot,1,True,2396,1387,138,94,idle,left,False,True,640,480,0.000000,0.000000
32,11.088,oneshot.mainline.INIT,oneshot,1,True,2396,1387,138,94,idle,left,False,True,640,480,0.000000,0.000000
33,11.330,oneshot.mainline.INIT,oneshot,1,True,2396,1387,138,94,idle,left,False,True,640,480,0.000000,0.000000
34,11.587,oneshot.mainline.INIT,oneshot,1,True,2396,1387,138,94,idle,left,False,True,640,480,0.000000,0.000000
35,11.828,oneshot.mainline.INIT,oneshot,1,True,2396,1387,138,94,idle,left,False,True,640,480,0.000000,0.000000
36,12.089,oneshot.mainline.INIT,oneshot,1,True,2396,1387,138,94,idle,left,False,True,640,480,0.000000,0.000000
37,12.327,oneshot.mainline.S1,oneshot,167,True,2396,1387,138,94,idle,left,False,True,640,480,0.000000,0.000000
38,12.580,oneshot.mainline.S1,oneshot,167,True,2396,1387,138,94,idle,left,False,True,640,480,0.000000,0.000000
39,12.828,oneshot.mainline.S1,oneshot,167,True,2396,1387,138,94,idle,left,False,True,640,480,0.000000,0.000000
40,13.084,oneshot.mainline.S1,oneshot,167,True,2396,1387,138,94,idle,left,False,True,640,480,0.000000,0.000000
41,13.327,oneshot.mainline.S1,oneshot,167,True,2396,1387,138,94,idle,left,False,True,640,480,0.000000,0.000000
42,13.579,oneshot.mainline.S1,oneshot,167,True,2396,1387,138,94,idle,left,False,True,640,480,0.000000,0.000000
43,13.830,oneshot.mainline.S1,oneshot,167,True,2396,1387,138,94,idle,left,False,True,640,480,0.000000,0.000000
44,14.086,oneshot.mainline.S1,oneshot,167,True,2396,1387,138,94,idle,left,False,True,640,480,0.000000,0.000000
45,14.332,oneshot.mainline.S1,oneshot,167,True,2396,1387,138,94,idle,left,False,True,640,480,0.000000,0.000000
46,14.582,oneshot.mainline.S1,oneshot,167,True,2396,1387,138,94,idle,left,False,True,640,480,0.000000,0.000000
47,14.828,oneshot.mainline.S1,oneshot,167,True,2396,1387,138,94,idle,left,False,True,640,480,0.000000,0.000000
48,15.198,oneshot.mainline.S1,oneshot,167,True,2396,1387,138,94,idle,left,False,True,640,480,0.000000,0.000000
49,15.330,oneshot.mainline.S1,oneshot,167,True,2396,1387,138,94,idle,left,False,True,640,480,0.000000,0.000000
50,15.581,oneshot.mainline.S1,oneshot,167,True,2396,1387,138,94,idle,left,False,True,640,480,0.000000,0.000000
51,15.831,oneshot.mainline.S1,oneshot,167,True,2396,1387,138,94,idle,left,False,True,640,480,0.000000,0.000000
52,16.078,oneshot.mainline.S1,oneshot,167,True,2396,1387,138,94,idle,left,False,True,640,480,0.000000,0.000000
53,16.335,oneshot.mainline.S1,oneshot,167,True,2396,1387,138,94,idle,left,False,True,640,480,0.000000,0.000000
54,16.585,oneshot.mainline.S1,oneshot,167,True,2396,1387,138,94,idle,left,False,True,640,480,0.000000,0.000000
55,16.829,oneshot.mainline.S1,oneshot,167,True,2396,1387,138,94,idle,left,False,True,640,480,0.000000,0.000000
56,17.080,oneshot.mainline.S1,oneshot,167,True,2396,1387,138,94,idle,left,False,True,640,480,0.000000,0.000000
57,17.329,oneshot.mainline.S1,oneshot,167,True,2396,1387,138,94,idle,left,False,True,640,480,0.000000,0.000000
58,17.578,oneshot.mainline.S1,oneshot,167,True,2396,1387,138,94,idle,left,False,True,640,480,0.000000,0.000000
59,17.831,oneshot.mainline.S1,oneshot,167,True,2396,1387,138,94,idle,left,False,True,640,480,0.000000,0.000000
60,18.093,oneshot.mainline.S1,oneshot,167,True,2396,1387,138,94,idle,left,True,True,640,480,0.000000,0.000000
61,18.331,oneshot.mainline.S1,oneshot,167,True,2439,1393,38,80,walk_left,left,True,True,640,480,-2.831798,0.000000
62,18.581,oneshot.mainline.S1,oneshot,167,True,2430,1392,38,80,walk_left,left,True,True,640,480,-3.185773,0.000000
63,18.830,oneshot.mainline.S1,oneshot,167,True,2414,1389,38,80,walk_left,left,True,True,640,480,-3.068764,-1.022921
64,19.082,oneshot.mainline.S1,oneshot,167,True,2401,1387,38,80,walk_left,left,True,True,640,480,-3.070169,-1.023390
65,19.331,oneshot.mainline.S1,oneshot,167,True,2388,1386,38,80,walk_left,left,True,True,640,480,-3.236335,0.000000
66,19.586,oneshot.mainline.S1,oneshot,167,True,2372,1383,38,80,walk_left,left,True,True,640,480,-3.139712,-0.784928
67,19.827,oneshot.mainline.S1,oneshot,167,True,2360,1381,38,80,walk_left,left,True,True,640,480,-3.070263,-1.023421
68,20.081,oneshot.mainline.S1,oneshot,167,True,2356,1381,38,80,walk_left,left,True,True,640,480,-3.236341,0.000000
69,20.329,oneshot.mainline.S1,oneshot,167,True,2340,1379,38,80,walk_left,left,True,True,640,480,-3.236341,0.000000
70,20.578,oneshot.mainline.S1,oneshot,167,True,2329,1377,38,80,walk_left,left,True,True,640,480,-2.669981,0.000000
71,20.830,oneshot.mainline.S1,oneshot,167,True,2319,1375,38,80,walk_left,left,True,True,640,480,-2.320260,-1.160130
72,21.120,oneshot.mainline.S1,oneshot,167,True,2313,1375,38,80,walk_left,left,True,True,640,480,-2.590337,0.000000
73,21.338,oneshot.mainline.S1,oneshot,167,True,2308,1374,38,80,walk_left,left,True,True,640,480,-2.589389,0.000000
74,21.587,oneshot.mainline.S1,oneshot,167,True,2298,1372,38,80,walk_left,left,True,True,640,480,-2.456229,-0.818743
75,22.085,oneshot.mainline.S1,oneshot,167,True,2293,1372,38,80,walk_left,left,True,True,640,480,-2.589078,0.000000
76,22.332,oneshot.mainline.S1,oneshot,167,True,2279,1370,38,80,walk_left,left,True,True,640,480,-2.826101,0.000000
77,22.582,oneshot.mainline.S1,oneshot,167,True,2266,1368,38,80,idle,left,False,True,640,480,0.000000,0.000000
78,22.831,oneshot.mainline.S1,oneshot,167,True,2216,1361,138,94,idle,left,False,True,640,480,0.000000,0.000000
79,23.080,oneshot.mainline.S1,oneshot,167,True,2216,1361,138,94,idle,left,False,True,640,480,0.000000,0.000000
80,23.335,oneshot.mainline.S1,oneshot,167,True,2216,1361,138,94,idle,left,False,True,640,480,0.000000,0.000000
81,23.581,oneshot.mainline.S1,oneshot,167,True,2216,1361,138,94,idle,left,False,True,640,480,0.000000,0.000000
82,23.829,oneshot.mainline.S1,oneshot,167,True,2216,1361,138,94,idle,left,False,True,640,480,0.000000,0.000000
83,24.109,oneshot.mainline.S1,oneshot,167,True,2216,1361,138,94,idle,left,False,True,640,480,0.000000,0.000000
84,24.333,oneshot.mainline.S1,oneshot,167,True,2216,1361,138,94,idle,left,False,True,640,480,0.000000,0.000000
85,24.587,oneshot.mainline.S1,oneshot,167,True,2216,1361,138,94,idle,left,False,True,640,480,0.000000,0.000000
86,24.831,oneshot.mainline.S1,oneshot,167,True,2215,1360,138,94,walk_up,up,True,True,640,480,-1.144219,-1.144219
87,25.080,oneshot.mainline.S1,oneshot,167,True,2252,1359,38,80,walk_left,left,True,True,640,480,-2.650724,-1.767149
88,25.333,oneshot.mainline.S1,oneshot,167,True,2239,1350,38,80,walk_left,left,True,True,640,480,-2.691484,-1.794322
89,25.578,oneshot.mainline.S1,oneshot,167,True,2225,1341,38,80,walk_left,left,True,True,640,480,-2.692757,-1.795172
90,25.836,oneshot.mainline.S1,oneshot,167,True,2215,1334,38,80,walk_up,up,True,True,640,480,-2.288437,-2.288437
91,26.088,oneshot.mainline.S1,oneshot,167,True,2199,1325,42,82,walk_left,left,True,True,640,480,-3.070263,-1.023421
92,26.332,oneshot.mainline.S1,oneshot,167,True,2187,1317,38,80,walk_left,left,True,True,640,480,-3.070263,-1.023421
93,26.587,oneshot.mainline.S1,oneshot,167,True,2172,1307,42,82,walk_left,left,True,True,640,480,-2.692799,-1.795199
94,26.833,oneshot.mainline.S1,oneshot,167,True,2160,1299,38,80,walk_left,left,True,True,640,480,-2.692799,-1.795199
95,27.334,oneshot.mainline.S1,oneshot,167,True,2144,1288,38,80,walk_left,left,True,True,640,480,-2.692799,-1.795199
96,27.581,oneshot.mainline.S1,oneshot,167,True,2136,1283,38,80,walk_left,left,True,True,640,480,-2.692799,-1.795199
97,27.829,oneshot.mainline.S1,oneshot,167,True,2128,1278,38,80,walk_up,up,True,True,640,480,-2.288439,-2.288439
98,28.089,oneshot.mainline.S1,oneshot,167,True,2117,1271,38,80,walk_left,left,True,True,640,480,-2.692799,-1.795199
99,28.337,oneshot.mainline.S1,oneshot,167,True,2106,1264,38,80,walk_left,left,True,True,640,480,-3.070263,-1.023421
100,28.578,oneshot.mainline.S1,oneshot,167,True,2095,1257,38,80,walk_left,left,True,True,640,480,-3.070263,-1.023421
101,28.834,oneshot.mainline.S1,oneshot,167,True,2077,1245,42,82,walk_left,left,True,True,640,480,-2.692799,-1.795199
102,29.080,oneshot.mainline.S1,oneshot,167,True,2063,1235,38,80,walk_up,up,True,True,640,480,-2.288439,-2.288439
103,29.332,oneshot.mainline.S1,oneshot,167,True,2049,1227,38,80,walk_left,left,True,True,640,480,-3.070263,-1.023421
104,29.581,oneshot.mainline.S1,oneshot,167,True,2036,1218,38,80,walk_up,up,True,True,640,480,-2.288439,-2.288439
105,29.833,oneshot.mainline.S1,oneshot,167,True,2020,1208,42,82,walk_left,left,True,True,640,480,-2.692799,-1.795199
106,30.156,oneshot.mainline.S1,oneshot,167,True,2017,1205,38,80,walk_up,up,True,True,640,480,-2.288439,-2.288439
107,30.330,oneshot.mainline.S1,oneshot,167,True,2011,1202,38,80,walk_left,left,True,True,640,480,-2.692799,-1.795199
108,30.579,oneshot.mainline.S1,oneshot,167,True,1998,1193,38,80,walk_up,up,True,True,640,480,-2.288439,-2.288439
109,30.832,oneshot.mainline.S1,oneshot,167,True,1984,1184,38,80,walk_left,left,True,True,640,480,-2.692799,-1.795199
110,31.083,oneshot.mainline.S1,oneshot,167,True,1970,1175,38,80,walk_left,left,True,True,640,480,-2.692799,-1.795199
111,31.333,oneshot.mainline.S1,oneshot,167,True,1957,1166,38,80,walk_left,left,True,True,640,480,-2.692799,-1.795199
112,31.584,oneshot.mainline.S1,oneshot,167,True,1943,1158,38,80,walk_left,left,True,True,640,480,-3.070263,-1.023421
113,31.830,oneshot.mainline.S1,oneshot,167,True,1930,1149,38,80,walk_left,left,True,True,640,480,-2.692799,-1.795199
114,32.095,oneshot.mainline.S1,oneshot,167,True,1914,1138,38,80,walk_up,up,True,True,640,480,-2.288439,-2.288439
115,32.331,oneshot.mainline.S1,oneshot,167,True,1898,1128,42,82,walk_left,left,True,True,640,480,-2.692799,-1.795199
116,32.828,oneshot.mainline.S1,oneshot,167,True,1886,1121,38,80,walk_left,left,True,True,640,480,-3.070263,-1.023421
117,33.102,oneshot.mainline.S1,oneshot,167,True,1879,1116,42,82,walk_left,left,True,True,640,480,-2.692799,-1.795199
118,33.333,oneshot.mainline.S1,oneshot,167,True,1873,1112,38,80,walk_left,left,True,True,640,480,-3.070263,-1.023421
119,33.582,oneshot.mainline.S1,oneshot,167,True,1859,1103,38,80,walk_left,left,True,True,640,480,-2.692799,-1.795199
120,33.834,oneshot.mainline.S1,oneshot,167,True,1841,1091,42,82,walk_left,left,True,True,640,480,-2.692799,-1.795199
121,34.083,oneshot.mainline.S1,oneshot,167,True,1830,1083,38,80,walk_up,up,True,True,640,480,-2.288439,-2.288439
122,34.329,oneshot.mainline.S1,oneshot,167,True,1811,1072,42,82,walk_left,left,True,True,640,480,-2.692799,-1.795199
123,34.581,oneshot.mainline.S1,oneshot,167,True,1798,1063,42,82,walk_up,up,True,True,640,480,-2.288439,-2.288439
124,34.833,oneshot.mainline.S1,oneshot,167,True,1786,1055,38,80,walk_left,left,True,True,640,480,-2.692799,-1.795199
125,35.081,oneshot.mainline.S1,oneshot,167,True,1770,1045,38,80,walk_left,left,True,True,640,480,-3.070263,-1.023421
126,35.336,oneshot.mainline.S1,oneshot,167,True,1754,1034,38,80,walk_up,up,True,True,640,480,-2.288439,-2.288439
127,35.581,oneshot.mainline.S1,oneshot,167,True,1740,1025,38,80,walk_left,left,True,True,640,480,-2.692799,-1.795199
128,35.832,oneshot.mainline.S1,oneshot,167,True,1729,1018,38,80,walk_left,left,True,True,640,480,-2.692799,-1.795199
129,36.203,oneshot.mainline.S1,oneshot,167,True,1724,1015,38,80,walk_left,left,True,True,640,480,-2.894671,-1.447336
130,36.331,oneshot.mainline.S1,oneshot,167,True,1721,1013,38,80,walk_left,left,True,True,640,480,-2.692799,-1.795199
131,36.584,oneshot.mainline.S1,oneshot,167,True,1710,1006,38,80,walk_left,left,True,True,640,480,-3.070263,-1.023421
132,36.828,oneshot.mainline.S1,oneshot,167,True,1697,997,38,80,walk_up,up,True,True,640,480,-2.288439,-2.288439
133,37.082,oneshot.mainline.S1,oneshot,167,True,1677,984,38,80,walk_left,left,True,True,640,480,-4.380619,-3.285464
134,37.328,oneshot.mainline.S1,oneshot,167,True,1662,974,38,80,walk_left,left,True,True,640,480,-4.434799,-3.326099
135,37.579,oneshot.mainline.S1,oneshot,167,True,1643,962,38,80,walk_left,left,True,True,640,480,-4.962168,-2.481084
136,37.837,oneshot.mainline.S1,oneshot,167,True,1619,946,38,80,walk_left,left,True,True,640,480,-4.438409,-3.328807
137,38.083,oneshot.mainline.S1,oneshot,167,True,1596,931,38,80,walk_left,left,True,True,640,480,-4.438411,-3.328808
138,38.331,oneshot.mainline.S1,oneshot,167,True,1577,919,38,80,walk_left,left,True,True,640,480,-4.962294,-2.481147
139,38.581,oneshot.mainline.S1,oneshot,167,True,1561,909,38,80,walk_left,left,True,True,640,480,-4.962294,-2.481147
140,38.837,oneshot.mainline.S1,oneshot,167,True,1542,896,38,80,walk_left,left,True,True,640,480,-4.438411,-3.328808
141,39.339,oneshot.mainline.S1,oneshot,167,True,1519,881,38,80,walk_left,left,True,True,640,480,-4.962294,-2.481147
142,39.584,oneshot.mainline.S1,oneshot,167,True,1499,868,38,80,walk_left,left,True,True,640,480,-4.438411,-3.328808
143,39.830,oneshot.mainline.S1,oneshot,167,True,1480,856,38,80,walk_left,left,True,True,640,480,-4.962294,-2.481147
144,40.087,oneshot.mainline.S1,oneshot,167,True,1464,845,38,80,walk_left,left,True,True,640,480,-4.438411,-3.328808
145,40.333,oneshot.mainline.S1,oneshot,167,True,1445,833,38,80,walk_left,left,True,True,640,480,-4.962294,-2.481147
146,40.582,oneshot.mainline.S1,oneshot,167,True,1426,820,38,80,walk_left,left,True,True,640,480,-4.438411,-3.328808
147,40.834,oneshot.mainline.S1,oneshot,167,True,1403,805,38,80,walk_up,up,True,True,640,480,-3.923038,-3.923038
148,41.084,oneshot.mainline.S1,oneshot,167,True,1381,791,42,82,walk_left,left,True,True,640,480,-4.438411,-3.328808
149,41.332,oneshot.mainline.S1,oneshot,167,True,1364,780,38,80,walk_left,left,True,True,640,480,-4.962294,-2.481147
150,41.580,oneshot.mainline.S1,oneshot,167,True,1341,765,38,80,walk_left,left,True,True,640,480,-4.616226,-3.077484
151,41.828,oneshot.mainline.S1,oneshot,167,True,1317,750,38,80,walk_left,left,True,True,640,480,-4.962294,-2.481147
152,42.092,oneshot.mainline.S1,oneshot,167,True,1310,744,38,80,walk_up,up,True,True,640,480,-3.923038,-3.923038
153,42.331,oneshot.mainline.S1,oneshot,167,True,1294,734,38,80,walk_left,left,True,True,640,480,-4.438411,-3.328808
154,42.580,oneshot.mainline.S1,oneshot,167,True,1271,719,38,80,walk_left,left,True,True,640,480,-4.438411,-3.328808
155,42.830,oneshot.mainline.S1,oneshot,167,True,1248,704,38,80,walk_up,up,True,True,640,480,-3.923038,-3.923038
156,43.082,oneshot.mainline.S1,oneshot,167,True,1236,697,38,80,walk_left,left,True,True,640,480,-4.962294,-2.481147
157,43.331,oneshot.mainline.S1,oneshot,167,True,1217,684,38,80,walk_left,left,True,True,640,480,-4.616226,-3.077484
158,43.579,oneshot.mainline.S1,oneshot,167,True,1197,671,38,80,walk_left,left,True,True,640,480,-4.438411,-3.328808
159,43.831,oneshot.mainline.S1,oneshot,167,True,1178,659,38,80,walk_left,left,True,True,640,480,-4.962294,-2.481147
160,44.080,oneshot.mainline.S1,oneshot,167,True,1155,644,38,80,walk_left,left,True,True,640,480,-4.616226,-3.077484
161,44.330,oneshot.mainline.S1,oneshot,167,True,1135,631,38,80,walk_left,left,True,True,640,480,-4.962294,-2.481147
162,44.580,oneshot.mainline.S1,oneshot,167,True,1116,618,38,80,walk_left,left,True,True,640,480,-4.438411,-3.328808
163,44.828,oneshot.mainline.S1,oneshot,167,True,1104,611,38,80,walk_left,left,True,True,640,480,-4.962294,-2.481147
164,45.332,oneshot.mainline.S1,oneshot,167,True,1089,601,38,80,walk_left,left,True,True,640,480,-4.962294,-2.481147
165,45.590,oneshot.mainline.S1,oneshot,167,True,1073,591,38,80,walk_left,left,True,True,640,480,-4.962294,-2.481147
166,45.834,oneshot.mainline.S1,oneshot,167,True,1058,580,38,80,walk_left,left,True,True,640,480,-4.438411,-3.328808
167,46.087,oneshot.mainline.S1,oneshot,167,True,1046,573,38,80,walk_left,left,True,True,640,480,-4.962294,-2.481147
168,46.335,oneshot.mainline.S1,oneshot,167,True,1035,565,38,80,walk_up,up,True,True,640,480,-3.923038,-3.923038
169,46.589,oneshot.mainline.S1,oneshot,167,True,1021,557,42,82,walk_left,left,True,True,640,480,-4.962294,-2.481147
170,46.832,oneshot.mainline.S1,oneshot,167,True,1007,548,38,80,walk_left,left,True,True,640,480,-4.962294,-2.481147
171,47.165,oneshot.mainline.S1,oneshot,167,True,992,537,38,80,walk_left,left,True,True,640,480,-4.438411,-3.328808
172,47.337,oneshot.mainline.S1,oneshot,167,True,986,531,38,80,walk_up,up,True,True,640,480,-3.923038,-3.923038
173,47.579,oneshot.mainline.S1,oneshot,167,True,974,520,42,82,walk_up,up,True,True,640,480,-3.923038,-3.923038
174,47.840,oneshot.mainline.S1,oneshot,167,True,957,504,42,82,walk_up,up,True,True,640,480,-3.923038,-3.923038
175,48.328,ch1.kris_room.kris_s_room,ch1,2,True,938,486,38,80,walk_left,left,True,True,640,480,-4.438411,-3.328808
176,48.580,ch1.kris_room.kris_s_room,ch1,2,True,918,467,38,80,walk_left,left,True,True,640,480,-4.438411,-3.328808
177,48.831,ch1.kris_room.kris_s_room,ch1,2,True,896,447,42,82,walk_up,up,True,True,640,480,-3.923038,-3.923038
178,49.079,ch1.kris_room.kris_s_room,ch1,2,True,879,431,42,82,walk_up,up,True,True,640,480,-3.923038,-3.923038
179,49.328,ch1.kris_room.kris_s_room,ch1,2,True,862,416,42,82,walk_left,left,True,True,640,480,-4.438411,-3.328808
180,49.585,ch1.kris_room.kris_s_room,ch1,2,True,842,397,42,82,walk_up,up,True,True,640,480,-3.923038,-3.923038
181,49.834,ch1.kris_room.kris_s_room,ch1,2,True,825,381,42,82,walk_left,left,True,True,640,480,-4.438411,-3.328808
182,50.082,ch1.kris_room.kris_s_room,ch1,2,True,817,372,38,80,walk_up,up,True,True,640,480,-3.328808,-4.438411
183,50.334,ch1.kris_room.kris_s_room,ch1,2,True,798,356,42,82,walk_left,left,True,True,640,480,-4.438411,-3.328808
184,50.583,ch1.kris_room.kris_s_room,ch1,2,True,778,337,42,82,walk_up,up,True,True,640,480,-3.923038,-3.923038
185,50.854,ch1.kris_room.kris_s_room,ch1,2,True,758,318,42,82,walk_up,up,True,True,640,480,-3.923038,-3.923038
186,51.328,ch1.hometown.town_church,ch1,15,True,741,302,42,82,walk_up,up,True,False,640,480,-3.759578,-3.759578
187,51.580,ch1.hometown.town_church,ch1,15,True,731,292,42,82,walk_up,up,True,False,640,480,-3.616551,-3.616551
188,51.838,ch1.hometown.town_church,ch1,15,True,713,274,38,80,walk_up,up,True,False,640,480,-3.596437,-3.596437
189,52.086,ch1.hometown.town_church,ch1,15,True,702,265,38,80,walk_left,left,True,False,640,480,-4.068588,-3.051441
190,52.359,ch1.hometown.town_church,ch1,15,True,699,262,38,80,walk_up,up,True,False,640,480,-3.596138,-3.596138
191,52.587,ch1.hometown.town_church,ch1,15,True,687,251,42,82,walk_up,up,True,False,640,480,-3.596121,-3.596121
192,52.838,ch1.hometown.town_church,ch1,15,True,670,235,42,82,walk_up,up,True,False,640,480,-3.051407,-4.068543
193,53.335,ch1.hometown.town_church,ch1,15,True,663,229,42,82,look_up,left,True,False,640,480,0.000000,0.000000
194,53.578,ch1.hometown.town_church,ch1,15,True,664,230,40,80,look_up,left,True,False,640,480,0.000000,0.000000
195,53.846,ch1.hometown.town_church,ch1,15,True,664,230,40,80,look_up,left,True,False,640,480,0.000000,0.000000
196,54.331,ch1.hometown.town_church,ch1,15,True,664,230,40,80,look_up,left,True,False,640,480,0.000000,0.000000
197,54.583,ch1.hometown.town_church,ch1,15,True,660,226,40,80,walk_left,left,True,False,640,480,-3.173655,-2.115770
198,54.838,ch1.hometown.town_church,ch1,15,True,649,215,42,82,walk_up,up,True,False,640,480,-3.483739,-3.483739
199,55.080,ch1.hometown.town_church,ch1,15,True,644,210,38,80,walk_up,up,True,False,640,480,-3.568023,-3.568023
200,55.328,ch1.hometown.town_church,ch1,15,True,636,203,42,82,walk_up,up,True,False,640,480,-3.049677,-3.049677
201,55.586,ch1.hometown.town_church,ch1,15,True,631,198,38,80,walk_up,up,True,False,640,480,-2.920090,-2.920090
202,55.896,ch1.hometown.town_church,ch1,15,True,621,189,42,82,walk_up,up,True,False,640,480,-2.261057,-3.391586
203,56.087,ch1.hometown.town_church,ch1,15,True,621,189,42,82,walk_up,up,True,False,640,480,-2.261057,-3.391586
204,56.330,ch1.hometown.town_church,ch1,15,True,608,177,42,82,walk_left,left,True,False,640,480,-3.477137,-2.607853
205,56.588,ch1.hometown.town_church,ch1,15,True,598,168,42,82,walk_left,left,True,False,640,480,-3.810251,-2.857688
206,56.837,ch1.hometown.town_church,ch1,15,True,592,162,42,82,walk_up,up,True,False,640,480,-2.798073,-2.798073
207,57.330,ch1.hometown.town_church,ch1,15,True,591,161,40,80,look_up,up,False,False,640,480,0.000000,0.000000
208,57.580,ch1.hometown.town_church,ch1,15,True,591,161,40,80,look_up,right,False,False,640,480,0.000000,0.000000
209,58.079,ch1.hometown.town_church,ch1,15,True,591,161,40,80,idle,right,False,False,640,480,0.000000,0.000000
210,58.337,ch1.hometown.town_church,ch1,15,True,542,154,138,94,idle,right,False,False,640,480,0.000000,0.000000
211,58.588,ch1.hometown.town_church,ch1,15,True,542,154,138,94,idle,right,False,False,640,480,0.000000,0.000000
212,59.084,ch1.hometown.town_church,ch1,15,True,542,154,138,94,idle,right,False,False,640,480,0.000000,0.000000
213,59.330,ch1.hometown.town_church,ch1,15,True,542,154,138,94,idle,right,False,False,640,480,0.000000,0.000000
214,59.588,ch1.hometown.town_church,ch1,15,True,542,154,138,94,idle,right,False,False,640,480,0.000000,0.000000
215,59.829,ch1.hometown.town_church,ch1,15,True,542,154,138,94,idle,right,False,False,640,480,0.000000,0.000000
216,60.333,ch1.hometown.town_church,ch1,15,True,542,154,138,94,idle,right,False,False,640,480,0.000000,0.000000
217,60.581,ch1.hometown.town_church,ch1,15,True,542,154,138,94,idle,right,False,False,640,480,0.000000,0.000000
218,60.836,ch1.hometown.town_church,ch1,15,True,542,154,138,94,idle,right,False,False,640,480,0.000000,0.000000
219,61.088,ch1.hometown.town_church,ch1,15,True,542,154,138,94,idle,right,False,False,640,480,0.000000,0.000000
220,61.335,ch1.hometown.town_church,ch1,15,True,542,154,138,94,idle,right,False,False,640,480,0.000000,0.000000
221,61.587,ch1.hometown.town_church,ch1,15,True,542,154,138,94,idle,right,False,False,640,480,0.000000,0.000000
222,61.835,ch1.hometown.town_church,ch1,15,True,542,154,138,94,idle,right,False,False,640,480,0.000000,0.000000
223,62.096,ch1.hometown.town_church,ch1,15,True,542,154,138,94,idle,right,False,False,640,480,0.000000,0.000000
224,62.330,ch1.hometown.town_church,ch1,15,True,542,154,138,94,idle,right,False,False,640,480,0.000000,0.000000
225,62.586,ch1.hometown.town_church,ch1,15,True,542,154,138,94,idle,left,False,False,640,480,0.000000,0.000000
226,62.829,ch1.hometown.town_church,ch1,15,True,539,154,138,94,idle,left,True,False,640,480,-3.052811,0.000000
227,63.581,ch1.hometown.town_church,ch1,15,True,564,160,38,80,walk_left,left,True,False,640,480,-6.010222,0.000000
228,63.830,ch1.hometown.town_church,ch1,15,True,544,160,38,80,walk_left,left,True,False,640,480,-6.099659,0.000000
229,64.334,ch1.hometown.town_church,ch1,15,True,528,159,38,80,walk_left,left,True,False,640,480,-6.104877,0.000000
230,64.582,ch1.hometown.town_church,ch1,15,True,508,158,38,80,walk_left,left,True,False,640,480,-6.105575,0.000000
231,64.835,ch1.hometown.town_church,ch1,15,True,488,158,38,80,walk_left,left,True,False,640,480,-6.105619,0.000000
232,65.081,ch1.hometown.town_church,ch1,15,True,467,157,38,80,walk_left,left,True,False,640,480,-6.105622,0.000000
233,65.330,ch1.hometown.town_church,ch1,15,True,447,156,38,80,walk_left,left,True,False,640,480,-5.189779,0.000000
234,65.582,ch1.hometown.town_church,ch1,15,True,427,155,38,80,walk_left,left,True,False,640,480,-4.808353,-0.961671
235,65.832,ch1.hometown.town_church,ch1,15,True,408,155,38,80,walk_left,left,True,False,640,480,-4.885690,0.000000
236,66.359,ch1.hometown.town_church,ch1,15,True,403,154,38,80,walk_left,left,True,False,640,480,-5.271686,-1.054337
237,66.586,ch1.hometown.town_church,ch1,15,True,393,154,38,80,walk_left,left,True,False,640,480,-4.978025,0.000000
238,66.839,ch1.hometown.town_church,ch1,15,True,384,154,38,80,idle,left,False,False,640,480,0.000000,0.000000
239,67.086,ch1.hometown.town_church,ch1,15,True,384,154,38,80,idle,left,False,False,640,480,0.000000,0.000000
240,67.332,ch1.hometown.town_church,ch1,15,True,334,147,138,94,idle,left,False,False,640,480,0.000000,0.000000
241,67.601,ch1.hometown.town_church,ch1,15,True,334,147,138,94,idle,left,False,False,640,480,0.000000,0.000000
242,67.834,ch1.hometown.town_church,ch1,15,True,334,147,138,94,idle,left,False,False,640,480,0.000000,0.000000
243,68.085,ch1.hometown.town_church,ch1,15,True,334,147,138,94,idle,left,False,False,640,480,0.000000,0.000000
244,68.338,ch1.hometown.town_church,ch1,15,True,334,147,138,94,idle,left,False,False,640,480,0.000000,0.000000
245,68.589,ch1.hometown.town_church,ch1,15,True,334,147,138,94,idle,left,False,False,640,480,0.000000,0.000000
246,68.832,ch1.hometown.town_church,ch1,15,True,334,147,138,94,idle,left,False,False,640,480,0.000000,0.000000
247,69.334,ch1.hometown.town_church,ch1,15,True,334,147,138,94,idle,left,False,False,640,480,0.000000,0.000000
248,69.581,ch1.hometown.town_church,ch1,15,True,334,147,138,94,fall_mad,left,False,False,640,480,0.000000,0.000000
249,69.836,ch1.hometown.town_church,ch1,15,True,362,173,82,72,fall_mad,left,False,False,640,480,0.000000,0.000000
250,70.088,ch1.hometown.town_church,ch1,15,True,334,168,138,94,idle,left,False,False,640,480,0.000000,0.000000
251,70.336,ch1.hometown.town_church,ch1,15,True,334,168,138,94,idle,left,False,False,640,480,0.000000,0.000000
252,70.584,ch1.hometown.town_church,ch1,15,True,334,168,138,94,idle,left,False,False,640,480,0.000000,0.000000
253,70.833,ch1.hometown.town_church,ch1,15,True,334,168,138,94,idle,left,False,False,640,480,0.000000,0.000000
254,71.083,ch1.hometown.town_church,ch1,15,True,334,168,138,94,idle,left,False,False,640,480,0.000000,0.000000
255,71.328,ch1.hometown.town_church,ch1,15,True,334,168,138,94,idle,left,False,False,640,480,0.000000,0.000000
256,71.579,ch1.hometown.town_church,ch1,15,True,334,168,138,94,idle,left,False,False,640,480,0.000000,0.000000
257,71.829,ch1.hometown.town_church,ch1,15,True,334,168,138,94,idle,left,False,False,640,480,0.000000,0.000000
258,72.090,ch1.hometown.town_church,ch1,15,True,334,168,138,94,idle,left,False,False,640,480,0.000000,0.000000
259,72.336,ch1.hometown.town_church,ch1,15,True,334,168,138,94,idle,left,False,False,640,480,0.000000,0.000000
260,72.585,ch1.hometown.town_church,ch1,15,True,334,168,138,94,idle,left,False,False,640,480,0.000000,0.000000
261,72.830,ch1.hometown.town_church,ch1,15,True,334,168,138,94,idle,left,False,False,640,480,0.000000,0.000000
262,73.088,ch1.hometown.town_church,ch1,15,True,334,168,138,94,idle,left,False,False,640,480,0.000000,0.000000
263,73.336,ch1.hometown.town_church,ch1,15,True,334,168,138,94,idle,left,False,False,640,480,0.000000,0.000000
264,73.585,ch1.hometown.town_church,ch1,15,True,334,168,138,94,idle,left,False,False,640,480,0.000000,0.000000
265,73.834,ch1.hometown.town_church,ch1,15,True,334,168,138,94,idle,left,False,False,640,480,0.000000,0.000000
266,74.079,ch1.hometown.town_church,ch1,15,True,334,168,138,94,idle,left,False,False,640,480,0.000000,0.000000
267,74.330,ch1.hometown.town_church,ch1,15,True,334,168,138,94,idle,left,False,False,640,480,0.000000,0.000000
268,74.578,ch1.hometown.town_church,ch1,15,True,334,168,138,94,idle,left,False,False,640,480,0.000000,0.000000
269,74.831,ch1.hometown.town_church,ch1,15,True,334,168,138,94,idle,left,False,False,640,480,0.000000,0.000000
270,75.120,ch1.hometown.town_church,ch1,15,True,384,175,38,80,walk_left,left,True,False,640,480,0.000000,0.000000
271,75.337,ch1.hometown.town_church,ch1,15,True,370,176,38,80,walk_left,left,True,False,640,480,-5.797377,0.966230
272,75.586,ch1.hometown.town_church,ch1,15,True,342,177,38,80,walk_left,left,True,False,640,480,-6.690727,0.000000
273,75.836,ch1.hometown.town_church,ch1,15,True,314,179,38,80,walk_left,left,True,False,640,480,-6.624765,1.104128
274,76.086,ch1.hometown.town_church,ch1,15,True,286,180,38,80,walk_left,left,True,False,640,480,-6.716940,0.000000
275,76.336,ch1.hometown.town_church,ch1,15,True,258,182,38,80,walk_left,left,True,False,640,480,-6.625573,1.104262
276,76.586,ch1.hometown.town_church,ch1,15,True,230,183,38,80,walk_left,left,True,False,640,480,-6.716965,0.000000
277,76.835,ch1.hometown.town_church,ch1,15,True,202,184,38,80,walk_left,left,True,False,640,480,-6.716965,0.000000
278,77.085,ch1.hometown.town_church,ch1,15,True,174,186,38,80,walk_left,left,True,False,640,480,-5.541496,0.000000
279,77.335,ch1.hometown.town_church,ch1,15,True,147,187,38,80,walk_left,left,True,False,640,480,-5.378820,0.000000
280,77.584,ch1.hometown.graveyard,ch1,16,True,121,189,38,80,walk_left,left,True,False,640,480,-4.626189,0.925238
281,77.834,ch1.hometown.graveyard,ch1,16,True,67,182,138,94,idle,left,False,False,640,480,0.000000,0.000000
282,78.096,ch1.hometown.graveyard,ch1,16,True,67,182,138,94,idle,left,False,False,640,480,0.000000,0.000000
283,78.329,ch1.hometown.graveyard,ch1,16,True,67,182,138,94,idle,left,False,False,640,480,0.000000,0.000000
284,78.581,ch1.hometown.graveyard,ch1,16,True,67,182,138,94,idle,left,False,False,640,480,0.000000,0.000000
285,78.832,ch1.hometown.graveyard,ch1,16,True,67,182,138,94,idle,left,False,False,640,480,0.000000,0.000000
286,79.088,ch1.hometown.graveyard,ch1,16,True,67,182,138,94,idle,left,False,False,640,480,0.000000,0.000000
287,79.329,ch1.hometown.graveyard,ch1,16,True,67,182,138,94,idle,left,False,False,640,480,0.000000,0.000000
288,79.585,ch1.hometown.graveyard,ch1,16,True,67,182,138,94,idle,left,False,False,640,480,0.000000,0.000000
289,79.837,ch1.hometown.graveyard,ch1,16,True,67,182,138,94,idle,left,False,False,640,480,0.000000,0.000000
290,80.087,ch1.hometown.graveyard,ch1,16,True,67,182,138,94,idle,left,False,False,640,480,0.000000,0.000000
291,80.334,ch1.hometown.graveyard,ch1,16,True,67,182,138,94,idle,left,False,False,640,480,0.000000,0.000000
292,80.591,ch1.hometown.graveyard,ch1,16,True,67,182,138,94,idle,left,False,False,640,480,0.000000,0.000000
293,80.837,ch1.hometown.graveyard,ch1,16,True,67,182,138,94,idle,left,False,False,640,480,0.000000,0.000000
294,81.095,ch1.hometown.graveyard,ch1,16,True,67,182,138,94,idle,left,False,False,640,480,0.000000,0.000000
295,81.334,ch1.hometown.graveyard,ch1,16,True,67,182,138,94,idle,left,False,False,640,480,0.000000,0.000000
296,81.581,ch1.hometown.graveyard,ch1,16,True,67,182,138,94,idle,left,False,False,640,480,0.000000,0.000000
297,81.829,ch1.hometown.graveyard,ch1,16,True,67,182,138,94,idle,left,False,False,640,480,0.000000,0.000000
298,82.086,ch1.hometown.graveyard,ch1,16,True,67,182,138,94,idle,left,False,False,640,480,0.000000,0.000000
299,82.328,ch1.hometown.graveyard,ch1,16,True,67,182,138,94,idle,left,False,False,640,480,0.000000,0.000000
300,82.587,ch1.hometown.graveyard,ch1,16,True,67,182,138,94,idle,left,False,False,640,480,0.000000,0.000000
301,82.836,ch1.hometown.graveyard,ch1,16,True,67,182,138,94,idle,left,False,False,640,480,0.000000,0.000000
302,83.086,ch1.hometown.graveyard,ch1,16,True,67,182,138,94,idle,left,False,False,640,480,0.000000,0.000000
303,83.328,ch1.hometown.graveyard,ch1,16,True,67,182,138,94,idle,left,False,False,640,480,0.000000,0.000000
304,83.586,ch1.hometown.graveyard,ch1,16,True,67,182,138,94,idle,left,False,False,640,480,0.000000,0.000000
305,83.847,ch1.hometown.graveyard,ch1,16,True,67,182,138,94,idle,left,False,False,640,480,0.000000,0.000000
306,84.114,ch1.hometown.graveyard,ch1,16,True,67,182,138,94,idle,left,False,False,640,480,0.000000,0.000000
307,84.336,ch1.hometown.graveyard,ch1,16,True,67,182,138,94,idle,left,False,False,640,480,0.000000,0.000000
308,84.582,ch1.hometown.graveyard,ch1,16,True,67,182,138,94,idle,left,False,False,640,480,0.000000,0.000000
309,84.836,ch1.hometown.graveyard,ch1,16,True,67,182,138,94,idle,left,False,False,640,480,0.000000,0.000000
310,85.085,ch1.hometown.graveyard,ch1,16,True,67,182,138,94,idle,left,False,False,640,480,0.000000,0.000000
311,85.333,ch1.hometown.graveyard,ch1,16,True,67,182,138,94,idle,left,False,False,640,480,0.000000,0.000000
312,85.581,ch1.hometown.graveyard,ch1,16,True,67,182,138,94,idle,left,False,False,640,480,0.000000,0.000000
313,85.830,ch1.hometown.graveyard,ch1,16,True,67,182,138,94,idle,left,False,False,640,480,0.000000,0.000000
314,86.080,ch1.hometown.graveyard,ch1,16,True,67,182,138,94,idle,left,False,False,640,480,0.000000,0.000000
315,86.328,ch1.hometown.graveyard,ch1,16,True,67,182,138,94,idle,left,False,False,640,480,0.000000,0.000000
316,86.586,ch1.hometown.graveyard,ch1,16,True,67,182,138,94,idle,left,False,False,640,480,0.000000,0.000000
317,86.836,ch1.hometown.graveyard,ch1,16,True,66,180,138,94,walk_up,up,True,False,640,480,-0.915307,-1.830615
318,87.094,ch1.hometown.graveyard,ch1,16,True,110,181,42,82,walk_left,left,True,False,640,480,-3.264630,-1.632315
319,87.336,ch1.hometown.graveyard,ch1,16,True,98,173,38,80,walk_left,left,True,False,640,480,-3.444757,-2.583567
320,87.586,ch1.hometown.graveyard,ch1,16,True,83,163,38,80,walk_left,left,True,False,640,480,-3.494269,-2.620701
321,87.836,ch1.hometown.graveyard,ch1,16,True,77,160,38,80,idle,left,False,False,640,480,0.000000,0.000000
322,88.084,ch1.hometown.graveyard,ch1,16,True,27,153,138,94,idle,left,False,False,640,480,0.000000,0.000000
323,88.333,ch1.hometown.graveyard,ch1,16,True,27,153,138,94,idle,left,False,False,640,480,0.000000,0.000000
324,88.579,ch1.hometown.graveyard,ch1,16,True,27,153,138,94,idle,left,False,False,640,480,0.000000,0.000000
325,88.828,ch1.hometown.graveyard,ch1,16,True,27,153,138,94,idle,left,False,False,640,480,0.000000,0.000000
326,89.086,ch1.hometown.graveyard,ch1,16,True,27,153,138,94,idle,left,False,False,640,480,0.000000,0.000000
327,89.336,ch1.hometown.graveyard,ch1,16,True,27,153,138,94,idle,left,False,False,640,480,0.000000,0.000000
328,89.586,ch1.hometown.graveyard,ch1,16,True,27,153,138,94,idle,left,False,False,640,480,0.000000,0.000000
329,89.836,ch1.hometown.graveyard,ch1,16,True,27,153,138,94,idle,left,False,False,640,480,0.000000,0.000000
330,90.174,ch1.hometown.graveyard,ch1,16,True,27,153,138,94,idle,left,False,False,640,480,0.000000,0.000000
