frame,t,wx,wy,ww,wh,anim,dir,moving,falling,gfall,sleeping,swalk,spr,stir,p1o,spd,tx,ty,spdx,spdy
0,1.824,2439,1389,42,82,walk_down,down,True,False,False,False,False,False,,False,4.719817900620878,2448,1499,0.000000,1.651936
1,2.263,2441,1409,42,82,walk_down,down,True,False,False,False,False,False,,False,4.719817900620878,2448,1499,0.000000,2.712789
2,2.515,2442,1422,42,82,walk_down,down,True,False,False,False,False,False,,False,4.719817900620878,2448,1499,0.000000,2.645276
3,2.766,2443,1432,42,82,walk_down,down,True,False,False,False,False,False,,False,4.719817900620878,2448,1499,0.000000,2.643234
4,3.127,2444,1443,42,82,walk_down,down,True,False,False,False,False,False,,False,4.719817900620878,2448,1499,0.000000,2.643107
5,3.261,2444,1443,42,82,walk_down,down,True,False,False,False,False,False,,False,4.719817900620878,2448,1499,0.000000,2.643107
6,3.511,2445,1457,42,82,walk_down,down,True,False,False,False,False,False,,False,4.719817900620878,2448,1499,0.000000,2.946495
7,3.764,2446,1467,42,82,walk_down,down,True,False,False,False,False,False,,False,4.719817900620878,2448,1499,1.083166,2.166333
8,4.014,2446,1472,42,82,idle,down,False,False,False,False,False,False,,False,4.719817900620878,2448,1499,0.000000,0.000000
9,4.264,2398,1466,138,94,idle,down,False,False,False,False,False,False,,False,4.719817900620878,2448,1499,0.000000,0.000000
10,4.513,2398,1466,138,94,idle,down,False,False,False,False,False,False,,False,4.719817900620878,2448,1499,0.000000,0.000000
11,4.763,2398,1466,138,94,idle,down,False,False,False,False,False,False,,False,4.719817900620878,2448,1499,0.000000,0.000000
12,5.019,2398,1466,138,94,sleep,down,False,False,False,True,False,False,,False,4.719817900620878,2448,1499,0.000000,0.000000
13,5.262,2444,1472,46,82,sleep,down,False,False,False,True,False,False,,False,4.719817900620878,2448,1499,0.000000,0.000000
14,5.512,2444,1472,46,82,sleep,down,False,False,False,True,False,False,,False,4.719817900620878,2448,1499,0.000000,0.000000
15,5.761,2444,1472,46,82,sleep,down,False,False,False,True,False,False,,False,4.719817900620878,2448,1499,0.000000,0.000000
16,6.132,2444,1472,46,82,sleep,down,False,False,False,True,False,False,,False,4.719817900620878,2448,1499,0.000000,0.000000
17,6.514,2444,1472,46,82,sleep,down,False,False,False,True,False,False,,False,4.719817900620878,2448,1499,0.000000,0.000000
18,6.763,2444,1472,46,82,sleep,down,False,False,False,True,False,False,,False,4.719817900620878,2448,1499,0.000000,0.000000
19,7.013,2444,1472,46,82,sleep,down,False,False,False,True,False,False,,False,4.719817900620878,2448,1499,0.000000,0.000000
20,7.263,2444,1472,46,82,sleep,down,False,False,False,True,False,False,,False,4.719817900620878,2448,1499,0.000000,0.000000
21,7.513,2444,1472,46,82,sleep,down,False,False,False,True,False,False,,False,4.719817900620878,2448,1499,0.000000,0.000000
22,7.762,2444,1472,46,82,sleep,down,False,False,False,True,False,False,,False,4.719817900620878,2448,1499,0.000000,0.000000
23,8.013,2444,1472,46,82,sleep,down,False,False,False,True,False,False,,False,4.719817900620878,2448,1499,0.000000,0.000000
24,8.263,2444,1472,46,82,sleep,down,False,False,False,True,False,False,,False,4.719817900620878,2448,1499,0.000000,0.000000
25,8.513,2444,1472,46,82,sleep,down,False,False,False,True,False,False,,False,4.719817900620878,2448,1499,0.000000,0.000000
26,8.760,2444,1472,46,82,sleep,down,False,False,False,True,False,False,,False,4.719817900620878,2448,1499,0.000000,0.000000
27,9.112,2444,1472,46,82,sleep,down,False,False,False,True,False,False,,False,4.719817900620878,2448,1499,0.000000,0.000000
28,9.262,2444,1472,46,82,sleep,down,False,False,False,True,False,False,,False,4.719817900620878,2448,1499,0.000000,0.000000
29,9.513,2444,1472,46,82,sleep,down,False,False,False,True,False,False,,False,4.719817900620878,2448,1499,0.000000,0.000000
30,9.762,2444,1472,46,82,sleep,down,False,False,False,True,False,False,,False,4.719817900620878,2448,1499,0.000000,0.000000
31,10.012,2444,1472,46,82,sleep,down,False,False,False,True,False,False,,False,4.719817900620878,2448,1499,0.000000,0.000000
32,10.265,2444,1472,46,82,sleep,down,False,False,False,True,False,False,,False,4.719817900620878,2448,1499,0.000000,0.000000
33,10.513,2444,1472,46,82,sleep,down,False,False,False,True,False,False,,False,4.719817900620878,2448,1499,0.000000,0.000000
34,10.762,2444,1472,46,82,sleep,down,False,False,False,True,False,False,,False,4.719817900620878,2448,1499,0.000000,0.000000
35,11.014,2444,1472,46,82,sleep,down,False,False,False,True,False,False,,False,4.719817900620878,2448,1499,0.000000,0.000000
36,11.262,2447,1473,40,80,look_up,down,False,False,False,True,False,False,1,True,4.719817900620878,2448,1499,0.000000,0.000000
37,11.514,2447,1473,40,80,look_up,down,False,False,False,True,False,False,1,True,4.719817900620878,2448,1499,0.000000,0.000000
38,11.761,2447,1473,40,80,look_up,down,False,False,False,True,False,False,1,True,4.719817900620878,2448,1499,0.000000,0.000000
39,12.116,2447,1473,40,80,sleep,down,False,False,False,True,False,False,1,False,4.719817900620878,2448,1499,0.000000,0.000000
40,12.513,2444,1472,46,82,sleep,down,False,False,False,True,False,False,1,False,4.719817900620878,2448,1499,0.000000,0.000000
41,12.761,2444,1472,46,82,sleep,down,False,False,False,True,False,False,1,False,4.719817900620878,2448,1499,0.000000,0.000000
42,13.012,2444,1472,46,82,sleep,down,False,False,False,True,False,False,1,False,4.719817900620878,2448,1499,0.000000,0.000000
43,13.263,2446,1472,42,82,surprised_down,down,False,False,False,False,False,True,,False,4.719817900620878,2448,1499,0.000000,0.000000
44,13.513,2446,1472,42,82,surprised_down,down,False,False,False,False,False,True,,False,4.719817900620878,2448,1499,0.000000,0.000000
45,13.763,2446,1472,42,82,surprised_down,down,False,False,False,False,False,True,,False,4.719817900620878,2448,1499,0.000000,0.000000
46,14.014,2446,1472,42,82,surprised_down,down,False,False,False,False,False,True,,False,4.719817900620878,2448,1499,0.000000,0.000000
47,14.263,2446,1472,42,82,surprised_down,down,False,False,False,False,False,True,,False,4.719817900620878,2448,1499,0.000000,0.000000
48,14.513,2446,1472,42,82,surprised_down,down,False,False,False,False,False,True,,False,4.719817900620878,2448,1499,0.000000,0.000000
49,14.763,2398,1466,138,94,idle,down,False,False,False,False,False,True,,False,4.719817900620878,2448,1499,0.000000,0.000000
50,15.119,2398,1466,138,94,idle,down,False,False,False,False,False,False,,False,4.719817900620878,2448,1499,0.000000,0.000000
51,15.264,2398,1466,138,94,idle,down,False,False,False,False,False,False,,False,4.719817900620878,2448,1499,0.000000,0.000000
52,15.513,2398,1466,138,94,idle,down,False,False,False,False,False,False,,False,4.719817900620878,2448,1499,0.000000,0.000000
53,15.764,2398,1466,138,94,idle,down,False,False,False,False,False,False,,False,4.719817900620878,2448,1499,0.000000,0.000000
54,16.020,2398,1466,138,94,idle,down,False,False,False,False,False,False,,False,4.719817900620878,2448,1499,0.000000,0.000000
55,16.261,2398,1466,138,94,idle,down,False,False,False,False,False,False,,False,4.719817900620878,2448,1499,0.000000,0.000000
56,16.512,2398,1466,138,94,idle,down,False,False,False,False,False,False,,False,4.719817900620878,2448,1499,0.000000,0.000000
57,16.760,2398,1466,138,94,idle,down,False,False,False,False,False,False,,False,4.719817900620878,2448,1499,0.000000,0.000000
58,17.011,2398,1466,138,94,idle,down,False,False,False,False,False,False,,False,4.719817900620878,2448,1499,0.000000,0.000000
59,17.260,2398,1466,138,94,idle,down,False,False,False,False,False,False,,False,4.719817900620878,2448,1499,0.000000,0.000000
60,17.513,2398,1466,138,94,idle,down,False,False,False,False,False,False,,False,4.719817900620878,2448,1499,0.000000,0.000000
61,17.764,2398,1466,138,94,idle,down,False,False,False,False,False,False,,False,4.719817900620878,2448,1499,0.000000,0.000000
62,18.140,2398,1466,138,94,idle,down,False,False,False,False,False,False,,False,4.719817900620878,2448,1499,0.000000,0.000000
63,18.514,2398,1466,138,94,idle,down,False,False,False,False,False,False,,False,4.719817900620878,2448,1499,0.000000,0.000000
64,18.764,2398,1466,138,94,idle,down,False,False,False,False,False,False,,False,4.719817900620878,2448,1499,0.000000,0.000000
65,19.014,2398,1466,138,94,idle,down,False,False,False,False,False,False,,False,4.719817900620878,2448,1499,0.000000,0.000000
66,19.263,2398,1466,138,94,idle,down,False,False,False,False,False,False,,False,4.719817900620878,2448,1499,0.000000,0.000000
67,19.513,2398,1466,138,94,idle,down,False,False,False,False,False,False,,False,4.719817900620878,2448,1499,0.000000,0.000000
68,19.765,2398,1466,138,94,idle,down,False,False,False,False,False,False,,False,4.719817900620878,2448,1499,0.000000,0.000000
69,20.015,2398,1466,138,94,idle,down,False,False,False,False,False,False,,False,4.719817900620878,2448,1499,0.000000,0.000000
70,20.265,2398,1466,138,94,idle,down,False,False,False,False,False,False,,False,4.719817900620878,2448,1499,0.000000,0.000000
71,20.515,2398,1466,138,94,idle,down,False,False,False,False,False,False,,False,4.719817900620878,2448,1499,0.000000,0.000000
72,20.767,2398,1466,138,94,idle,down,False,False,False,False,False,False,,False,4.719817900620878,2448,1499,0.000000,0.000000
73,21.122,2398,1466,138,94,idle,down,False,False,False,False,False,False,,False,4.719817900620878,2448,1499,0.000000,0.000000
74,21.516,2398,1466,138,94,idle,down,False,False,False,False,False,False,,False,4.719817900620878,2448,1499,0.000000,0.000000
75,21.765,2398,1466,138,94,idle,down,False,False,False,False,False,False,,False,4.719817900620878,2448,1499,0.000000,0.000000
76,22.017,2398,1466,138,94,idle,down,False,False,False,False,False,False,,False,4.719817900620878,2448,1499,0.000000,0.000000
77,22.264,2398,1466,138,94,idle,down,False,False,False,False,False,False,,False,4.719817900620878,2448,1499,0.000000,0.000000
78,22.512,2398,1466,138,94,idle,down,False,False,False,False,False,False,,False,4.719817900620878,2448,1499,0.000000,0.000000
79,22.761,2398,1466,138,94,idle,down,False,False,False,False,False,False,,False,4.719817900620878,2448,1499,0.000000,0.000000
80,23.015,2398,1466,138,94,idle,down,False,False,False,False,False,False,,False,4.719817900620878,2448,1499,0.000000,0.000000
81,23.260,2398,1466,138,94,idle,down,False,False,False,False,False,False,,False,4.719817900620878,2448,1499,0.000000,0.000000
82,23.514,2398,1466,138,94,idle,down,False,False,False,False,False,False,,False,4.719817900620878,2448,1499,0.000000,0.000000
83,23.764,2398,1466,138,94,idle,down,False,False,False,False,False,False,,False,4.719817900620878,2448,1499,0.000000,0.000000
84,24.182,2398,1466,138,94,idle,down,False,False,False,False,False,False,,False,4.719817900620878,2448,1499,0.000000,0.000000
85,24.513,2398,1466,138,94,idle,down,False,False,False,False,False,False,,False,4.719817900620878,2448,1499,0.000000,0.000000
86,24.762,2398,1466,138,94,idle,down,False,False,False,False,False,False,,False,4.719817900620878,2448,1499,0.000000,0.000000
87,25.013,2398,1466,138,94,idle,down,False,False,False,False,False,False,,False,4.719817900620878,2448,1499,0.000000,0.000000
88,25.263,2398,1466,138,94,idle,down,False,False,False,False,False,False,,False,4.719817900620878,2448,1499,0.000000,0.000000
89,25.514,2398,1466,138,94,idle,down,False,False,False,False,False,False,,False,4.719817900620878,2448,1499,0.000000,0.000000
90,25.763,2398,1466,138,94,idle,down,False,False,False,False,False,False,,False,4.719817900620878,2448,1499,0.000000,0.000000
91,26.014,2398,1466,138,94,idle,down,False,False,False,False,False,False,,False,4.719817900620878,2448,1499,0.000000,0.000000
92,26.264,2398,1466,138,94,idle,down,False,False,False,False,False,False,,False,4.719817900620878,2448,1499,0.000000,0.000000
93,26.512,2398,1466,138,94,idle,down,False,False,False,False,False,False,,False,4.719817900620878,2448,1499,0.000000,0.000000
94,26.760,2398,1466,138,94,idle,down,False,False,False,False,False,False,,False,4.719817900620878,2448,1499,0.000000,0.000000
95,27.109,2398,1466,138,94,idle,down,False,False,False,False,False,False,,False,4.719817900620878,2448,1499,0.000000,0.000000
96,27.265,2398,1466,138,94,idle,down,False,False,False,False,False,False,,False,4.719817900620878,2448,1499,0.000000,0.000000
97,27.513,2398,1466,138,94,idle,down,False,False,False,False,False,False,,False,4.719817900620878,2448,1499,0.000000,0.000000
98,27.764,2398,1466,138,94,idle,down,False,False,False,False,False,False,,False,4.719817900620878,2448,1499,0.000000,0.000000
99,28.015,2398,1466,138,94,idle,down,False,False,False,False,False,False,,False,4.719817900620878,2448,1499,0.000000,0.000000
100,28.263,2398,1466,138,94,idle,down,False,False,False,False,False,False,,False,4.719817900620878,2448,1499,0.000000,0.000000
101,28.514,2398,1466,138,94,idle,down,False,False,False,False,False,False,,False,4.719817900620878,2448,1499,0.000000,0.000000
102,28.763,2398,1466,138,94,idle,down,False,False,False,False,False,False,,False,4.719817900620878,2448,1499,0.000000,0.000000
103,29.014,2398,1466,138,94,idle,down,False,False,False,False,False,False,,False,4.719817900620878,2448,1499,0.000000,0.000000
104,29.263,2398,1466,138,94,idle,down,False,False,False,False,False,False,,False,4.719817900620878,2448,1499,0.000000,0.000000
105,29.512,2398,1466,138,94,idle,down,False,False,False,False,False,False,,False,4.719817900620878,2448,1499,0.000000,0.000000
106,29.763,2398,1466,138,94,idle,down,False,False,False,False,False,False,,False,4.719817900620878,2448,1499,0.000000,0.000000
107,30.205,2398,1466,138,94,idle,down,False,False,False,False,False,False,,False,4.719817900620878,2448,1499,0.000000,0.000000
108,30.513,2398,1466,138,94,idle,down,False,False,False,False,False,False,,False,4.719817900620878,2448,1499,0.000000,0.000000
109,30.765,2398,1466,138,94,idle,down,False,False,False,False,False,False,,False,4.719817900620878,2448,1499,0.000000,0.000000
110,31.013,2398,1466,138,94,idle,down,False,False,False,False,False,False,,False,4.719817900620878,2448,1499,0.000000,0.000000
111,31.264,2398,1466,138,94,idle,down,False,False,False,False,False,False,,False,4.719817900620878,2448,1499,0.000000,0.000000
112,31.515,2398,1466,138,94,idle,down,False,False,False,False,False,False,,False,4.719817900620878,2448,1499,0.000000,0.000000
113,31.763,2398,1466,138,94,idle,down,False,False,False,False,False,False,,False,4.719817900620878,2448,1499,0.000000,0.000000
114,32.014,2398,1466,138,94,idle,down,False,False,False,False,False,False,,False,4.719817900620878,2448,1499,0.000000,0.000000
115,32.516,2398,1466,138,94,idle,down,False,False,False,False,False,False,,False,4.719817900620878,2448,1499,0.000000,0.000000
116,32.761,2398,1466,138,94,idle,down,False,False,False,False,False,False,,False,4.719817900620878,2448,1499,0.000000,0.000000
117,33.197,2398,1466,138,94,idle,down,False,False,False,False,False,False,,False,4.719817900620878,2448,1499,0.000000,0.000000
118,33.515,2398,1466,138,94,idle,down,False,False,False,False,False,False,,False,4.719817900620878,2448,1499,0.000000,0.000000
119,33.764,2398,1466,138,94,idle,down,False,False,False,False,False,False,,False,4.719817900620878,2448,1499,0.000000,0.000000
120,34.013,2398,1466,138,94,idle,down,False,False,False,False,False,False,,False,4.719817900620878,2448,1499,0.000000,0.000000
121,34.263,2398,1466,138,94,idle,down,False,False,False,False,False,False,,False,4.719817900620878,2448,1499,0.000000,0.000000
122,34.514,2398,1466,138,94,idle,down,False,False,False,False,False,False,,False,4.719817900620878,2448,1499,0.000000,0.000000
123,34.763,2398,1466,138,94,idle,down,False,False,False,False,False,False,,False,4.719817900620878,2448,1499,0.000000,0.000000
124,35.014,2398,1466,138,94,idle,down,False,False,False,False,False,False,,False,4.719817900620878,2448,1499,0.000000,0.000000
125,35.263,2398,1466,138,94,idle,down,False,False,False,False,False,False,,False,4.719817900620878,2448,1499,0.000000,0.000000
126,35.513,2398,1466,138,94,idle,down,False,False,False,False,False,False,,False,4.719817900620878,2448,1499,0.000000,0.000000
127,35.764,2398,1466,138,94,idle,down,False,False,False,False,False,False,,False,4.719817900620878,2448,1499,0.000000,0.000000
128,36.113,2398,1466,138,94,idle,down,False,False,False,False,False,False,,False,4.719817900620878,2448,1499,0.000000,0.000000
129,36.263,2398,1466,138,94,idle,down,False,False,False,False,False,False,,False,4.719817900620878,2448,1499,0.000000,0.000000
130,36.515,2398,1466,138,94,idle,down,False,False,False,False,False,False,,False,4.719817900620878,2448,1499,0.000000,0.000000
131,36.764,2398,1466,138,94,idle,down,False,False,False,False,False,False,,False,4.719817900620878,2448,1499,0.000000,0.000000
132,37.014,2398,1466,138,94,idle,down,False,False,False,False,False,False,,False,4.719817900620878,2448,1499,0.000000,0.000000
133,37.263,2398,1466,138,94,idle,down,False,False,False,False,False,False,,False,4.719817900620878,2448,1499,0.000000,0.000000
134,37.513,2398,1466,138,94,idle,down,False,False,False,False,False,False,,False,4.719817900620878,2448,1499,0.000000,0.000000
135,37.763,2398,1466,138,94,idle,down,False,False,False,False,False,False,,False,4.719817900620878,2448,1499,0.000000,0.000000
136,38.012,2398,1466,138,94,idle,down,False,False,False,False,False,False,,False,4.719817900620878,2448,1499,0.000000,0.000000
137,38.263,2398,1466,138,94,idle,down,False,False,False,False,False,False,,False,4.719817900620878,2448,1499,0.000000,0.000000
138,38.513,2398,1466,138,94,idle,down,False,False,False,False,False,False,,False,4.719817900620878,2448,1499,0.000000,0.000000
139,38.762,2398,1466,138,94,idle,down,False,False,False,False,False,False,,False,4.719817900620878,2448,1499,0.000000,0.000000
140,39.112,2398,1466,138,94,idle,down,False,False,False,False,False,False,,False,4.719817900620878,2448,1499,0.000000,0.000000
141,39.263,2398,1466,138,94,idle,down,False,False,False,False,False,False,,False,4.719817900620878,2448,1499,0.000000,0.000000
142,39.513,2398,1466,138,94,idle,down,False,False,False,False,False,False,,False,4.719817900620878,2448,1499,0.000000,0.000000
143,39.763,2398,1466,138,94,idle,down,False,False,False,False,False,False,,False,4.719817900620878,2448,1499,0.000000,0.000000
